"site","julian","date","depth_ft","status","colorStatus"
"5758203",13,2022-01-13,58.46,"Extremely Wet","navy"
"5758203",27,2022-01-27,58.47,"Extremely Wet","navy"
"5758203",43,2022-02-12,58.46,"Extremely Wet","navy"
"5758203",59,2022-02-28,58.47,"Extremely Wet","navy"
"5758203",75,2022-03-16,58.47,"Very Wet","blue"
"5758203",89,2022-03-30,58.49,"Moderately Dry","orange"
"5758203",104,2022-04-14,58.46,"Extremely Wet","navy"
"5758203",118,2022-04-28,58.47,"Extremely Wet","navy"
"5758203",132,2022-05-12,58.47,"Extremely Wet","navy"
"5758203",147,2022-05-27,58.48,"Extremely Wet","navy"
"5758203",167,2022-06-16,58.51,"Very Wet","blue"
"5758203",180,2022-06-29,58.49,"Moderately Wet","cornflowerblue"
"5758203",195,2022-07-14,58.54,"Extremely Wet","navy"
"5758203",209,2022-07-28,58.56,"Extremely Wet","navy"
"5758203",228,2022-08-16,58.61,"Very Wet","blue"
"5758203",242,2022-08-30,58.67,"Moderately Wet","cornflowerblue"
"5758203",258,2022-09-15,58.65,"Very Wet","blue"
"5758203",272,2022-09-29,58.64,"Extremely Wet","navy"
"5758203",287,2022-10-14,58.74,"Extremely Dry","darkred"
"5758203",300,2022-10-27,58.83,"Extremely Wet","navy"
"5758203",319,2022-11-15,58.97,"Moderately Dry","orange"
"5758203",334,2022-11-30,59.25,"Moderately Dry","orange"
"5758203",348,2022-12-14,59.21,"Extremely Dry","darkred"
"5758203",362,2022-12-28,58.86,"Extremely Dry","darkred"
"5758203",17,2023-01-17,59.5,"Extremely Dry","darkred"
"5758203",30,2023-01-30,60.44,"Extremely Dry","darkred"
"5758203",46,2023-02-15,60.15,"Moderately Dry","orange"
"5758203",58,2023-02-27,59.65,"Extremely Dry","darkred"
"5758203",73,2023-03-14,61.4,"Moderately Dry","orange"
"5758203",88,2023-03-29,61.36,"Extremely Dry","darkred"
"5758203",103,2023-04-13,61.26,"Extremely Wet","navy"
"5758203",117,2023-04-27,62.23,"Extremely Wet","navy"
"5758203",137,2023-05-17,62.68,"Extremely Dry","darkred"
"5758203",151,2023-05-31,63.6,"Extremely Dry","darkred"
"5758203",166,2023-06-15,64.46,"Moderately Dry","orange"
"5758203",181,2023-06-30,64.89,"Extremely Dry","darkred"
"5758402",13,2022-01-13,184.65,"Extremely Wet","navy"
"5758402",27,2022-01-27,184.69,"Extremely Wet","navy"
"5758402",42,2022-02-11,184.5,"Extremely Dry","darkred"
"5758402",59,2022-02-28,183.52,"Extremely Dry","darkred"
"5758402",75,2022-03-16,184.58,"Extremely Dry","darkred"
"5758402",89,2022-03-30,185.25,"Extremely Dry","darkred"
"5758402",104,2022-04-14,185.51,"Extremely Dry","darkred"
"5758402",118,2022-04-28,185.34,"Extremely Dry","darkred"
"5758402",132,2022-05-12,185.42,"Extremely Wet","navy"
"5758402",147,2022-05-27,185.73,"Extremely Dry","darkred"
"5758402",167,2022-06-16,186.99,"Extremely Dry","darkred"
"5758402",180,2022-06-29,187.75,"Extremely Dry","darkred"
"5758402",195,2022-07-14,188.67,"Extremely Dry","darkred"
"5758402",209,2022-07-28,189.12,"Extremely Wet","navy"
"5758402",228,2022-08-16,190.41,"Extremely Dry","darkred"
"5758402",242,2022-08-30,190.18,"Extremely Dry","darkred"
"5758402",258,2022-09-15,190.24,"Extremely Dry","darkred"
"5758402",272,2022-09-29,190.72,"Extremely Dry","darkred"
"5758402",287,2022-10-14,191.23,"Extremely Dry","darkred"
"5758402",300,2022-10-27,191.42,"Extremely Wet","navy"
"5758402",319,2022-11-15,191.65,"Extremely Dry","darkred"
"5758402",334,2022-11-30,191.31,"Extremely Dry","darkred"
"5758402",348,2022-12-14,191.38,"Extremely Dry","darkred"
"5758402",362,2022-12-28,191.63,"Extremely Dry","darkred"
"5758402",17,2023-01-17,192.08,"Extremely Dry","darkred"
"5758402",30,2023-01-30,191.94,"Extremely Dry","darkred"
"5758402",46,2023-02-15,192.37,"Extremely Dry","darkred"
"5758402",58,2023-02-27,192.82,"Extremely Dry","darkred"
"5758402",73,2023-03-14,193.17,"Extremely Dry","darkred"
"5758402",88,2023-03-29,193.37,"Extremely Dry","darkred"
"5758402",103,2023-04-13,193.66,"Extremely Wet","navy"
"5758402",117,2023-04-27,193.73,"Extremely Wet","navy"
"5758402",137,2023-05-17,194.03,"Extremely Dry","darkred"
"5758402",151,2023-05-31,194.25,"Extremely Dry","darkred"
"5758402",166,2023-06-15,194.88,"Extremely Dry","darkred"
"5758402",181,2023-06-30,195.68,"Extremely Dry","darkred"
"6801314",13,2022-01-13,177.4,"Extremely Dry","darkred"
"6801314",27,2022-01-27,177.11,"Extremely Wet","navy"
"6801314",42,2022-02-11,175.52,"Extremely Dry","darkred"
"6801314",59,2022-02-28,175.97,"Extremely Dry","darkred"
"6801314",75,2022-03-16,176.12,"Extremely Dry","darkred"
"6801314",89,2022-03-30,176.29,"Extremely Dry","darkred"
"6801314",104,2022-04-14,175.36,"Extremely Dry","darkred"
"6801314",118,2022-04-28,174.44,"Extremely Dry","darkred"
"6801314",132,2022-05-12,174.57,"Extremely Wet","navy"
"6801314",147,2022-05-27,173.98,"Extremely Dry","darkred"
"6801314",167,2022-06-16,172.73,"Extremely Dry","darkred"
"6801314",180,2022-06-29,172.34,"Moderately Dry","orange"
"6801314",195,2022-07-14,170.85,"Extremely Dry","darkred"
"6801314",209,2022-07-28,170.41,"Extremely Wet","navy"
"6801314",228,2022-08-16,169.67,"Moderately Dry","orange"
"6801314",242,2022-08-30,170.45,"Moderately Dry","orange"
"6801314",258,2022-09-15,171.28,"Very Dry","red"
"6801314",272,2022-09-29,170.41,"Extremely Dry","darkred"
"6801314",287,2022-10-14,170.64,"Extremely Dry","darkred"
"6801314",300,2022-10-27,177.65,"Extremely Wet","navy"
"6801314",319,2022-11-15,178.17,"Extremely Dry","darkred"
"6801314",334,2022-11-30,178.24,"Extremely Dry","darkred"
"6801314",348,2022-12-14,178.64,"Extremely Dry","darkred"
"6801314",362,2022-12-28,177.26,"Extremely Wet","navy"
"6801314",17,2023-01-17,179.34,"Extremely Dry","darkred"
"6801314",30,2023-01-30,179.14,"Extremely Dry","darkred"
"6801314",46,2023-02-15,179.65,"Extremely Dry","darkred"
"6801314",58,2023-02-27,179.09,"Extremely Dry","darkred"
"6801314",73,2023-03-14,177.93,"Extremely Dry","darkred"
"6801314",88,2023-03-29,178.52,"Extremely Dry","darkred"
"6801314",103,2023-04-13,179.46,"Extremely Wet","navy"
"6801314",117,2023-04-27,179.7,"Extremely Wet","navy"
"6801314",137,2023-05-17,179.55,"Extremely Dry","darkred"
"6801314",151,2023-05-31,180.23,"Extremely Dry","darkred"
"6801314",166,2023-06-15,179.87,"Extremely Dry","darkred"
"6801314",181,2023-06-30,179.01,"Extremely Dry","darkred"
"6801608",13,2022-01-13,55.43,"Extremely Wet","navy"
"6801608",27,2022-01-27,55.5,"Extremely Wet","navy"
"6801608",42,2022-02-11,55.49,"Moderately Dry","orange"
"6801608",59,2022-02-28,55.51,"Very Wet","blue"
"6801608",75,2022-03-16,55.5,"Moderately Dry","orange"
"6801608",89,2022-03-30,55.58,"Moderately Dry","orange"
"6801608",104,2022-04-14,55.62,"Extremely Dry","darkred"
"6801608",118,2022-04-28,55.6,"Extremely Dry","darkred"
"6801608",132,2022-05-12,55.63,"Extremely Wet","navy"
"6801608",147,2022-05-27,55.61,"Extremely Dry","darkred"
"6801608",167,2022-06-16,55.65,"Extremely Dry","darkred"
"6801608",180,2022-06-29,55.63,"Extremely Dry","darkred"
"6801608",195,2022-07-14,55.69,"Extremely Dry","darkred"
"6801608",209,2022-07-28,55.7,"Extremely Wet","navy"
"6801608",228,2022-08-16,55.72,"Very Dry","red"
"6801608",242,2022-08-30,55.7,"Moderately Dry","orange"
"6801608",258,2022-09-15,55.65,"Moderately Dry","orange"
"6801608",272,2022-09-29,55.65,"Extremely Dry","darkred"
"6801608",287,2022-10-14,55.98,"Extremely Dry","darkred"
"6801608",300,2022-10-27,55.95,"Extremely Wet","navy"
"6801608",319,2022-11-15,55.9,"Extremely Dry","darkred"
"6801608",334,2022-11-30,55.69,"Extremely Dry","darkred"
"6801608",348,2022-12-14,55.67,"Extremely Dry","darkred"
"6801608",362,2022-12-28,55.66,"Extremely Dry","darkred"
"6801608",17,2023-01-17,55.63,"Extremely Dry","darkred"
"6801608",30,2023-01-30,55.62,"Extremely Dry","darkred"
"6801608",46,2023-02-15,55.6,"Moderately Dry","orange"
"6801608",58,2023-02-27,55.82,"Extremely Dry","darkred"
"6801608",73,2023-03-14,55.85,"Extremely Dry","darkred"
"6801608",88,2023-03-29,55.82,"Extremely Dry","darkred"
"6801608",103,2023-04-13,55.8,"Extremely Wet","navy"
"6801608",117,2023-04-27,55.78,"Extremely Wet","navy"
"6801608",137,2023-05-17,55.75,"Extremely Dry","darkred"
"6801608",151,2023-05-31,55.56,"Extremely Wet","navy"
"6801608",166,2023-06-15,55.59,"Extremely Dry","darkred"
"6801608",181,2023-06-30,55.65,"Very Dry","red"
"6802302",13,2022-01-13,220.57,"Extremely Wet","navy"
"6802302",27,2022-01-27,219.96,"Extremely Wet","navy"
"6802302",42,2022-02-11,221.52,"Extremely Wet","navy"
"6802302",59,2022-02-28,221.33,"Extremely Wet","navy"
"6802302",75,2022-03-16,222.77,"Extremely Wet","navy"
"6802302",89,2022-03-30,224.01,"Extremely Wet","navy"
"6802302",104,2022-04-14,225.46,"Extremely Wet","navy"
"6802302",118,2022-04-28,223.5,"Extremely Wet","navy"
"6802302",132,2022-05-12,227.65,"Extremely Wet","navy"
"6802302",147,2022-05-27,224.44,"Extremely Wet","navy"
"6802302",167,2022-06-16,229.53,"Extremely Dry","darkred"
"6802302",180,2022-06-29,233.19,"Extremely Dry","darkred"
"6802302",195,2022-07-14,236.2,"Extremely Wet","navy"
"6802302",209,2022-07-28,236.74,"Extremely Wet","navy"
"6802302",228,2022-08-16,237.04,"Extremely Dry","darkred"
"6802302",242,2022-08-30,233.07,"Extremely Dry","darkred"
"6802302",258,2022-09-15,231.37,"Extremely Dry","darkred"
"6802302",272,2022-09-29,235.25,"Extremely Wet","navy"
"6802302",287,2022-10-14,235,"Extremely Wet","navy"
"6802302",300,2022-10-27,234.35,"Extremely Wet","navy"
"6802302",319,2022-11-15,232.4,"Extremely Dry","darkred"
"6802302",334,2022-11-30,230.61,"Extremely Dry","darkred"
"6802302",348,2022-12-14,229.3,"Extremely Dry","darkred"
"6802302",362,2022-12-28,232.45,"Extremely Dry","darkred"
"6802302",17,2023-01-17,231.64,"Extremely Wet","navy"
"6802302",30,2023-01-30,229.26,"Extremely Dry","darkred"
"6802302",46,2023-02-15,227.89,"Extremely Wet","navy"
"6802302",58,2023-02-27,227.32,"Extremely Dry","darkred"
"6802302",73,2023-03-14,227.53,"Extremely Wet","navy"
"6802302",88,2023-03-29,227.97,"Extremely Wet","navy"
"6802302",103,2023-04-13,227.45,"Extremely Wet","navy"
"6802302",117,2023-04-27,228.27,"Extremely Wet","navy"
"6802302",137,2023-05-17,226.53,"Extremely Wet","navy"
"6802302",151,2023-05-31,226.74,"Extremely Wet","navy"
"6802302",166,2023-06-15,227.51,"Extremely Wet","navy"
"6802302",181,2023-06-30,232.42,"Extremely Dry","darkred"
"6802406",13,2022-01-13,277.69,"Extremely Wet","navy"
"6802406",27,2022-01-27,277.57,"Extremely Wet","navy"
"6802406",42,2022-02-11,277.62,"Moderately Dry","orange"
"6802406",59,2022-02-28,279,"Extremely Dry","darkred"
"6802406",75,2022-03-16,279.9,"Very Dry","red"
"6802406",89,2022-03-30,281.56,"Extremely Dry","darkred"
"6802406",104,2022-04-14,282,"Extremely Dry","darkred"
"6802406",118,2022-04-28,283.56,"Extremely Dry","darkred"
"6802406",132,2022-05-12,284.15,"Extremely Wet","navy"
"6802406",147,2022-05-27,284.67,"Extremely Dry","darkred"
"6802406",167,2022-06-16,288.55,"Extremely Dry","darkred"
"6802406",180,2022-06-29,286.8,"Extremely Dry","darkred"
"6802406",195,2022-07-14,289.85,"Extremely Dry","darkred"
"6802406",209,2022-07-28,289.9,"Extremely Wet","navy"
"6802406",228,2022-08-16,290.56,"Extremely Dry","darkred"
"6802406",242,2022-08-30,290.5,"Extremely Dry","darkred"
"6802406",258,2022-09-15,288.22,"Extremely Dry","darkred"
"6802406",272,2022-09-29,288.67,"Extremely Dry","darkred"
"6802406",287,2022-10-14,288.8,"Extremely Dry","darkred"
"6802406",300,2022-10-27,288.74,"Extremely Wet","navy"
"6802406",319,2022-11-15,299.25,"Extremely Dry","darkred"
"6802406",334,2022-11-30,290.88,"Extremely Dry","darkred"
"6802406",348,2022-12-14,289.76,"Extremely Dry","darkred"
"6802406",362,2022-12-28,288.2,"Extremely Dry","darkred"
"6802406",17,2023-01-17,287.41,"Extremely Dry","darkred"
"6802406",30,2023-01-30,287.35,"Extremely Dry","darkred"
"6802406",46,2023-02-15,286.97,"Very Dry","red"
"6802406",58,2023-02-27,286.8,"Extremely Dry","darkred"
"6802406",73,2023-03-14,286.85,"Extremely Dry","darkred"
"6802406",88,2023-03-29,286.92,"Extremely Dry","darkred"
"6802406",103,2023-04-13,288.75,"Extremely Wet","navy"
"6802406",117,2023-04-27,290.4,"Extremely Wet","navy"
"6802406",137,2023-05-17,287.88,"Extremely Dry","darkred"
"6802406",151,2023-05-31,290.74,"Extremely Dry","darkred"
"6802406",166,2023-06-15,291.25,"Extremely Dry","darkred"
"6802406",181,2023-06-30,294.26,"Extremely Dry","darkred"
"6802407",13,2022-01-13,366.45,"Extremely Wet","navy"
"6802407",27,2022-01-27,364.8,"Extremely Wet","navy"
"6802407",42,2022-02-11,365.21,"Moderately Dry","orange"
"6802407",59,2022-02-28,366.95,"Extremely Dry","darkred"
"6802407",75,2022-03-16,367.35,"Very Dry","red"
"6802407",89,2022-03-30,369.9,"Moderately Dry","orange"
"6802407",104,2022-04-14,371.33,"Extremely Dry","darkred"
"6802407",118,2022-04-28,373.3,"Extremely Dry","darkred"
"6802407",132,2022-05-12,374.32,"Extremely Wet","navy"
"6802407",147,2022-05-27,376.69,"Extremely Dry","darkred"
"6802407",167,2022-06-16,384.1,"Extremely Dry","darkred"
"6802407",180,2022-06-29,383.75,"Moderately Dry","orange"
"6802407",195,2022-07-14,384.43,"Extremely Dry","darkred"
"6802407",209,2022-07-28,391.4,"Extremely Wet","navy"
"6802407",228,2022-08-16,392.8,"Extremely Dry","darkred"
"6802407",242,2022-08-30,392.69,"Extremely Dry","darkred"
"6802407",258,2022-09-15,392.6,"Extremely Dry","darkred"
"6802407",272,2022-09-29,393.42,"Extremely Dry","darkred"
"6802407",287,2022-10-14,394.2,"Extremely Dry","darkred"
"6802407",300,2022-10-27,389.85,"Extremely Wet","navy"
"6802407",319,2022-11-15,387.45,"Extremely Dry","darkred"
"6802407",334,2022-11-30,384.45,"Extremely Dry","darkred"
"6802407",348,2022-12-14,382.5,"Extremely Dry","darkred"
"6802407",362,2022-12-28,382.02,"Extremely Dry","darkred"
"6802407",17,2023-01-17,381.8,"Extremely Dry","darkred"
"6802407",30,2023-01-30,382.5,"Extremely Dry","darkred"
"6802407",46,2023-02-15,382.45,"Extremely Dry","darkred"
"6802407",58,2023-02-27,380.5,"Extremely Dry","darkred"
"6802407",73,2023-03-14,380.49,"Extremely Dry","darkred"
"6802407",88,2023-03-29,380.52,"Extremely Dry","darkred"
"6802407",103,2023-04-13,381.29,"Extremely Wet","navy"
"6802407",117,2023-04-27,383,"Extremely Wet","navy"
"6802407",137,2023-05-17,381.57,"Extremely Dry","darkred"
"6802407",151,2023-05-31,382.41,"Extremely Dry","darkred"
"6802407",166,2023-06-15,382.5,"Extremely Dry","darkred"
"6802407",181,2023-06-30,389.5,"Extremely Dry","darkred"
"6802508",13,2022-01-13,111.4,"Extremely Wet","navy"
"6802508",27,2022-01-27,114,"Extremely Wet","navy"
"6802508",42,2022-02-11,121.4,"Extremely Dry","darkred"
"6802508",59,2022-02-28,116.4,"Extremely Dry","darkred"
"6802508",75,2022-03-16,116.2,"Very Dry","red"
"6802508",89,2022-03-30,116.8,"Moderately Dry","orange"
"6802508",104,2022-04-14,120.9,"Extremely Dry","darkred"
"6802508",118,2022-04-28,116.8,"Extremely Dry","darkred"
"6802508",132,2022-05-12,119,"Extremely Wet","navy"
"6802508",147,2022-05-27,122.4,"Extremely Dry","darkred"
"6802508",167,2022-06-16,131.7,"Extremely Dry","darkred"
"6802508",180,2022-06-29,129,"Extremely Dry","darkred"
"6802508",195,2022-07-14,132,"Extremely Dry","darkred"
"6802508",209,2022-07-28,131.5,"Extremely Wet","navy"
"6802508",228,2022-08-16,132,"Extremely Dry","darkred"
"6802508",242,2022-08-30,131.6,"Extremely Dry","darkred"
"6802508",258,2022-09-15,128.4,"Extremely Dry","darkred"
"6802508",272,2022-09-29,125.8,"Extremely Dry","darkred"
"6802508",287,2022-10-14,127,"Extremely Dry","darkred"
"6802508",300,2022-10-27,130.2,"Extremely Wet","navy"
"6802508",319,2022-11-15,131,"Extremely Dry","darkred"
"6802508",334,2022-11-30,130.2,"Extremely Dry","darkred"
"6802508",348,2022-12-14,128,"Extremely Dry","darkred"
"6802508",362,2022-12-28,130.4,"Extremely Dry","darkred"
"6802508",17,2023-01-17,126.1,"Extremely Dry","darkred"
"6802508",30,2023-01-30,125.7,"Extremely Dry","darkred"
"6802508",46,2023-02-15,122.2,"Extremely Dry","darkred"
"6802508",58,2023-02-27,121.8,"Extremely Dry","darkred"
"6802508",73,2023-03-14,121.7,"Extremely Dry","darkred"
"6802508",88,2023-03-29,123,"Extremely Dry","darkred"
"6802508",103,2023-04-13,121.4,"Extremely Wet","navy"
"6802508",117,2023-04-27,122.7,"Extremely Wet","navy"
"6802508",137,2023-05-17,121.2,"Extremely Dry","darkred"
"6802508",151,2023-05-31,119.1,"Extremely Dry","darkred"
"6802508",166,2023-06-15,119.7,"Extremely Dry","darkred"
"6802508",181,2023-06-30,120.4,"Extremely Dry","darkred"
"6802609",13,2022-01-13,147.08,"Extremely Dry","darkred"
"6802609",27,2022-01-27,165.08,"Extremely Wet","navy"
"6802609",42,2022-02-11,174.99,"Extremely Dry","darkred"
"6802609",59,2022-02-28,160.57,"Extremely Dry","darkred"
"6802609",75,2022-03-16,159.85,"Extremely Dry","darkred"
"6802609",89,2022-03-30,167.54,"Extremely Dry","darkred"
"6802609",104,2022-04-14,174.69,"Extremely Dry","darkred"
"6802609",118,2022-04-28,178.7,"Extremely Dry","darkred"
"6802609",132,2022-05-12,178.32,"Extremely Wet","navy"
"6802609",147,2022-05-27,192.97,"Extremely Dry","darkred"
"6802609",167,2022-06-16,227.72,"Extremely Dry","darkred"
"6802609",300,2022-10-27,169.83,"Extremely Wet","navy"
"6802609",319,2022-11-15,168.28,"Extremely Dry","darkred"
"6802609",334,2022-11-30,167.99,"Extremely Dry","darkred"
"6802609",348,2022-12-14,162.69,"Extremely Dry","darkred"
"6802609",362,2022-12-28,161.11,"Extremely Dry","darkred"
"6802609",17,2023-01-17,161.76,"Extremely Dry","darkred"
"6802609",30,2023-01-30,159.26,"Extremely Dry","darkred"
"6802609",46,2023-02-15,155.2,"Extremely Dry","darkred"
"6802609",58,2023-02-27,153.47,"Extremely Dry","darkred"
"6802609",73,2023-03-14,154.43,"Extremely Dry","darkred"
"6802609",88,2023-03-29,153.96,"Extremely Dry","darkred"
"6802609",103,2023-04-13,152.13,"Extremely Wet","navy"
"6802609",117,2023-04-27,152.58,"Extremely Wet","navy"
"6802609",137,2023-05-17,151.46,"Extremely Dry","darkred"
"6802609",151,2023-05-31,149.91,"Extremely Dry","darkred"
"6802609",166,2023-06-15,147.68,"Extremely Dry","darkred"
"6802609",181,2023-06-30,154.83,"Extremely Dry","darkred"
"6803109",13,2022-01-13,53.98,"Extremely Wet","navy"
"6803109",27,2022-01-27,53.8,"Extremely Wet","navy"
"6803109",42,2022-02-11,54.02,"Moderately Dry","orange"
"6803109",59,2022-02-28,54.25,"Very Dry","red"
"6803109",75,2022-03-16,55.11,"Moderately Dry","orange"
"6803109",89,2022-03-30,58.9,"Extremely Dry","darkred"
"6803109",104,2022-04-14,65.17,"Extremely Dry","darkred"
"6803109",118,2022-04-28,66.05,"Extremely Dry","darkred"
"6803109",132,2022-05-12,66.54,"Extremely Wet","navy"
"6803109",147,2022-05-27,73.69,"Extremely Dry","darkred"
"6803109",167,2022-06-16,75.46,"Extremely Dry","darkred"
"6803109",180,2022-06-29,78.08,"Extremely Dry","darkred"
"6803109",195,2022-07-14,83,"Extremely Dry","darkred"
"6803109",209,2022-07-28,83.56,"Extremely Wet","navy"
"6803109",228,2022-08-16,88.28,"Extremely Dry","darkred"
"6803109",242,2022-08-30,80.75,"Extremely Dry","darkred"
"6803109",258,2022-09-15,80.2,"Extremely Dry","darkred"
"6803109",272,2022-09-29,76.24,"Extremely Dry","darkred"
"6803109",287,2022-10-14,80.25,"Extremely Dry","darkred"
"6803109",300,2022-10-27,79.64,"Extremely Wet","navy"
"6803109",319,2022-11-15,78.45,"Extremely Dry","darkred"
"6803109",334,2022-11-30,78.03,"Extremely Dry","darkred"
"6803109",348,2022-12-14,65.7,"Extremely Dry","darkred"
"6803109",362,2022-12-28,66.23,"Extremely Dry","darkred"
"6803109",17,2023-01-17,63.56,"Extremely Dry","darkred"
"6803109",30,2023-01-30,66.75,"Extremely Dry","darkred"
"6803109",46,2023-02-15,60.79,"Moderately Dry","orange"
"6803109",58,2023-02-27,72.42,"Extremely Dry","darkred"
"6803109",73,2023-03-14,67.39,"Extremely Dry","darkred"
"6803109",88,2023-03-29,66.41,"Extremely Dry","darkred"
"6803109",103,2023-04-13,66.66,"Extremely Wet","navy"
"6803109",117,2023-04-27,65.52,"Extremely Wet","navy"
"6803109",137,2023-05-17,65.18,"Extremely Dry","darkred"
"6803109",151,2023-05-31,68.99,"Extremely Dry","darkred"
"6803109",166,2023-06-15,68.18,"Moderately Dry","orange"
"6803109",181,2023-06-30,76.34,"Very Dry","red"
"6803305",13,2022-01-13,234.45,"Extremely Wet","navy"
"6803305",27,2022-01-27,234.5,"Extremely Wet","navy"
"6803305",42,2022-02-11,234.48,"Extremely Wet","navy"
"6803305",59,2022-02-28,236.03,"Moderately Dry","orange"
"6803305",75,2022-03-16,236.45,"Extremely Wet","navy"
"6803305",89,2022-03-30,243.35,"Extremely Wet","navy"
"6803305",104,2022-04-14,243.87,"Extremely Wet","navy"
"6803305",118,2022-04-28,257.25,"Extremely Dry","darkred"
"6803305",132,2022-05-12,254.9,"Extremely Wet","navy"
"6803305",147,2022-05-27,260,"Extremely Wet","navy"
"6803305",167,2022-06-16,263.95,"Extremely Dry","darkred"
"6803305",180,2022-06-29,274.6,"Extremely Dry","darkred"
"6803305",195,2022-07-14,275.03,"Extremely Wet","navy"
"6803305",209,2022-07-28,274.55,"Extremely Wet","navy"
"6803305",228,2022-08-16,272,"Extremely Dry","darkred"
"6803305",242,2022-08-30,272.27,"Extremely Dry","darkred"
"6803305",258,2022-09-15,265.32,"Extremely Dry","darkred"
"6803305",272,2022-09-29,267.13,"Extremely Wet","navy"
"6803305",287,2022-10-14,268.73,"Extremely Wet","navy"
"6803305",300,2022-10-27,268.67,"Extremely Wet","navy"
"6803305",319,2022-11-15,268.55,"Extremely Dry","darkred"
"6803305",334,2022-11-30,267.24,"Extremely Dry","darkred"
"6803305",348,2022-12-14,258.52,"Extremely Dry","darkred"
"6803305",362,2022-12-28,259.32,"Extremely Dry","darkred"
"6803305",17,2023-01-17,259,"Extremely Dry","darkred"
"6803305",30,2023-01-30,260.25,"Extremely Dry","darkred"
"6803305",46,2023-02-15,260.38,"Extremely Dry","darkred"
"6803305",58,2023-02-27,260.79,"Extremely Dry","darkred"
"6803305",73,2023-03-14,263.72,"Extremely Dry","darkred"
"6803305",88,2023-03-29,263.65,"Extremely Dry","darkred"
"6803305",103,2023-04-13,263.76,"Extremely Wet","navy"
"6803305",117,2023-04-27,266.1,"Extremely Wet","navy"
"6803305",137,2023-05-17,266.22,"Extremely Wet","navy"
"6803305",151,2023-05-31,269.91,"Extremely Wet","navy"
"6803305",166,2023-06-15,270.25,"Extremely Dry","darkred"
"6803305",181,2023-06-30,282.35,"Extremely Dry","darkred"
"6803406",13,2022-01-13,242.3,"Extremely Wet","navy"
"6803406",27,2022-01-27,241.61,"Extremely Wet","navy"
"6803406",42,2022-02-11,240.43,"Moderately Dry","orange"
"6803406",59,2022-02-28,240.41,"Extremely Dry","darkred"
"6803406",75,2022-03-16,240.88,"Very Dry","red"
"6803406",89,2022-03-30,243.78,"Moderately Dry","orange"
"6803406",104,2022-04-14,248.2,"Extremely Dry","darkred"
"6803406",118,2022-04-28,249.8,"Extremely Dry","darkred"
"6803406",132,2022-05-12,251.25,"Extremely Wet","navy"
"6803406",147,2022-05-27,253.9,"Extremely Wet","navy"
"6803406",167,2022-06-16,262.72,"Extremely Dry","darkred"
"6803406",180,2022-06-29,264.72,"Extremely Dry","darkred"
"6803406",195,2022-07-14,268.28,"Extremely Dry","darkred"
"6803406",209,2022-07-28,267.99,"Extremely Wet","navy"
"6803406",228,2022-08-16,271.85,"Extremely Dry","darkred"
"6803406",242,2022-08-30,272.06,"Extremely Dry","darkred"
"6803406",258,2022-09-15,265.4,"Extremely Dry","darkred"
"6803406",272,2022-09-29,264.95,"Extremely Dry","darkred"
"6803406",287,2022-10-14,264.45,"Extremely Dry","darkred"
"6803406",300,2022-10-27,263.92,"Extremely Wet","navy"
"6803406",319,2022-11-15,261,"Extremely Dry","darkred"
"6803406",334,2022-11-30,260.38,"Extremely Dry","darkred"
"6803406",348,2022-12-14,256.96,"Extremely Dry","darkred"
"6803406",362,2022-12-28,264.31,"Extremely Dry","darkred"
"6803406",17,2023-01-17,253.83,"Extremely Dry","darkred"
"6803406",30,2023-01-30,252.66,"Extremely Dry","darkred"
"6803406",46,2023-02-15,250.9,"Extremely Dry","darkred"
"6803406",58,2023-02-27,250.8,"Extremely Dry","darkred"
"6803406",73,2023-03-14,254.69,"Extremely Dry","darkred"
"6803406",88,2023-03-29,255.25,"Extremely Dry","darkred"
"6803406",103,2023-04-13,255.35,"Extremely Wet","navy"
"6803406",117,2023-04-27,255.27,"Extremely Wet","navy"
"6803406",137,2023-05-17,255.51,"Extremely Dry","darkred"
"6803406",151,2023-05-31,253.81,"Extremely Dry","darkred"
"6803406",166,2023-06-15,253.27,"Extremely Dry","darkred"
"6803406",181,2023-06-30,256.46,"Extremely Dry","darkred"
"6803804",13,2022-01-13,250.45,"Extremely Wet","navy"
"6803804",27,2022-01-27,249.3,"Extremely Wet","navy"
"6803804",42,2022-02-11,248.21,"Moderately Dry","orange"
"6803804",59,2022-02-28,254,"Extremely Dry","darkred"
"6803804",75,2022-03-16,247.24,"Very Dry","red"
"6803804",89,2022-03-30,251.11,"Moderately Dry","orange"
"6803804",104,2022-04-14,266.9,"Extremely Dry","darkred"
"6803804",118,2022-04-28,258.85,"Extremely Dry","darkred"
"6803804",132,2022-05-12,270.22,"Extremely Wet","navy"
"6803804",147,2022-05-27,272.25,"Extremely Dry","darkred"
"6803804",167,2022-06-16,287.3,"Extremely Dry","darkred"
"6803804",180,2022-06-29,287.98,"Extremely Dry","darkred"
"6803804",195,2022-07-14,289.52,"Extremely Dry","darkred"
"6803804",209,2022-07-28,296.35,"Extremely Wet","navy"
"6803804",228,2022-08-16,299.96,"Extremely Dry","darkred"
"6803804",242,2022-08-30,288.87,"Extremely Dry","darkred"
"6803804",258,2022-09-15,315.5,"Extremely Dry","darkred"
"6803804",272,2022-09-29,293,"Extremely Dry","darkred"
"6803804",287,2022-10-14,295.11,"Extremely Dry","darkred"
"6803804",300,2022-10-27,284.15,"Extremely Wet","navy"
"6803804",319,2022-11-15,273.45,"Extremely Dry","darkred"
"6803804",334,2022-11-30,268.26,"Very Dry","red"
"6803804",348,2022-12-14,260.9,"Extremely Dry","darkred"
"6803804",362,2022-12-28,265.4,"Extremely Dry","darkred"
"6803804",17,2023-01-17,257.5,"Extremely Dry","darkred"
"6803804",30,2023-01-30,255.35,"Extremely Dry","darkred"
"6803804",46,2023-02-15,251.3,"Extremely Dry","darkred"
"6803804",58,2023-02-27,254.05,"Extremely Dry","darkred"
"6803804",73,2023-03-14,257.56,"Extremely Dry","darkred"
"6803804",88,2023-03-29,256.12,"Extremely Dry","darkred"
"6803804",103,2023-04-13,255.85,"Extremely Wet","navy"
"6803804",117,2023-04-27,255.22,"Extremely Wet","navy"
"6803804",137,2023-05-17,253.7,"Extremely Dry","darkred"
"6803804",151,2023-05-31,250.3,"Extremely Dry","darkred"
"6803804",166,2023-06-15,262.1,"Extremely Dry","darkred"
"6803804",181,2023-06-30,271.88,"Very Dry","red"
"6804214",13,2022-01-13,171.5,"Extremely Wet","navy"
"6804214",27,2022-01-27,171.2,"Extremely Wet","navy"
"6804214",42,2022-02-11,170.15,"Moderately Dry","orange"
"6804214",59,2022-02-28,171.92,"Very Wet","blue"
"6804214",75,2022-03-16,171.38,"Moderately Wet","cornflowerblue"
"6804214",89,2022-03-30,170.77,"Extremely Wet","navy"
"6804214",104,2022-04-14,171.09,"Extremely Wet","navy"
"6804214",118,2022-04-28,173.23,"Extremely Dry","darkred"
"6804214",132,2022-05-12,173.21,"Extremely Wet","navy"
"6804214",147,2022-05-27,176.07,"Extremely Wet","navy"
"6804214",167,2022-06-16,176.87,"Extremely Dry","darkred"
"6804214",180,2022-06-29,175.2,"Moderately Dry","orange"
"6804214",195,2022-07-14,174.78,"Extremely Dry","darkred"
"6804214",209,2022-07-28,174.76,"Extremely Wet","navy"
"6804214",228,2022-08-16,175.11,"Moderately Wet","cornflowerblue"
"6804214",242,2022-08-30,174.92,"Moderately Wet","cornflowerblue"
"6804214",258,2022-09-15,174.81,"Moderately Dry","orange"
"6804214",272,2022-09-29,174.91,"Extremely Dry","darkred"
"6804214",287,2022-10-14,176.45,"Extremely Dry","darkred"
"6804214",300,2022-10-27,178.51,"Extremely Wet","navy"
"6804214",319,2022-11-15,180.25,"Moderately Dry","orange"
"6804214",334,2022-11-30,178.31,"Extremely Dry","darkred"
"6804214",348,2022-12-14,177.22,"Extremely Dry","darkred"
"6804214",362,2022-12-28,178.5,"Extremely Dry","darkred"
"6804214",17,2023-01-17,176.87,"Extremely Dry","darkred"
"6804214",30,2023-01-30,177,"Extremely Dry","darkred"
"6804214",46,2023-02-15,176.37,"Moderately Dry","orange"
"6804214",58,2023-02-27,176.23,"Extremely Dry","darkred"
"6804214",73,2023-03-14,176.54,"Extremely Wet","navy"
"6804214",88,2023-03-29,176.34,"Extremely Dry","darkred"
"6804214",103,2023-04-13,176.2,"Extremely Wet","navy"
"6804214",117,2023-04-27,177.25,"Extremely Wet","navy"
"6804214",137,2023-05-17,178.18,"Extremely Dry","darkred"
"6804214",151,2023-05-31,177.5,"Extremely Wet","navy"
"6804214",166,2023-06-15,177.27,"Moderately Dry","orange"
"6804214",181,2023-06-30,181.98,"Extremely Dry","darkred"
"6804312",13,2022-01-13,132.88,"Extremely Wet","navy"
"6804312",27,2022-01-27,133.72,"Extremely Wet","navy"
"6804312",42,2022-02-11,133.91,"Moderately Dry","orange"
"6804312",59,2022-02-28,134.81,"Extremely Dry","darkred"
"6804312",75,2022-03-16,136.06,"Very Dry","red"
"6804312",89,2022-03-30,136.77,"Moderately Dry","orange"
"6804312",104,2022-04-14,138.79,"Extremely Dry","darkred"
"6804312",118,2022-04-28,139.2,"Extremely Dry","darkred"
"6804312",132,2022-05-12,140.79,"Extremely Wet","navy"
"6804312",147,2022-05-27,141.57,"Extremely Dry","darkred"
"6804312",167,2022-06-16,145.03,"Extremely Dry","darkred"
"6804312",180,2022-06-29,146.07,"Extremely Dry","darkred"
"6804312",195,2022-07-14,147.9,"Extremely Dry","darkred"
"6804312",209,2022-07-28,149.67,"Extremely Wet","navy"
"6804312",228,2022-08-16,150.81,"Extremely Dry","darkred"
"6804312",242,2022-08-30,151.3,"Extremely Dry","darkred"
"6804312",258,2022-09-15,149.07,"Extremely Dry","darkred"
"6804312",272,2022-09-29,151.2,"Extremely Dry","darkred"
"6804312",287,2022-10-14,153.29,"Extremely Dry","darkred"
"6804312",300,2022-10-27,152.01,"Extremely Wet","navy"
"6804312",319,2022-11-15,156.04,"Extremely Dry","darkred"
"6804312",334,2022-11-30,151.53,"Extremely Dry","darkred"
"6804312",348,2022-12-14,151.1,"Extremely Dry","darkred"
"6804312",362,2022-12-28,151.54,"Extremely Dry","darkred"
"6804312",17,2023-01-17,152.07,"Extremely Dry","darkred"
"6804312",30,2023-01-30,151.65,"Extremely Dry","darkred"
"6804312",46,2023-02-15,151.37,"Extremely Dry","darkred"
"6804312",58,2023-02-27,152.4,"Extremely Dry","darkred"
"6804312",73,2023-03-14,154.04,"Extremely Dry","darkred"
"6804312",88,2023-03-29,155.58,"Extremely Dry","darkred"
"6804312",103,2023-04-13,155.58,"Extremely Wet","navy"
"6804312",117,2023-04-27,155.79,"Extremely Wet","navy"
"6804312",137,2023-05-17,156,"Extremely Dry","darkred"
"6804312",151,2023-05-31,157.04,"Extremely Dry","darkred"
"6804312",166,2023-06-15,154.91,"Extremely Dry","darkred"
"6804312",181,2023-06-30,158.96,"Extremely Dry","darkred"
"6804313",13,2022-01-13,157.8,"Extremely Wet","navy"
"6804313",27,2022-01-27,156.9,"Extremely Wet","navy"
"6804313",42,2022-02-11,157.1,"Moderately Dry","orange"
"6804313",59,2022-02-28,160.4,"Moderately Dry","orange"
"6804313",75,2022-03-16,161.8,"Extremely Dry","darkred"
"6804313",89,2022-03-30,163,"Extremely Dry","darkred"
"6804313",104,2022-04-14,165.2,"Extremely Dry","darkred"
"6804313",118,2022-04-28,162.8,"Extremely Dry","darkred"
"6804313",132,2022-05-12,161.1,"Extremely Wet","navy"
"6804313",147,2022-05-27,165.2,"Extremely Dry","darkred"
"6804313",167,2022-06-16,169.4,"Extremely Dry","darkred"
"6804313",180,2022-06-29,170.4,"Extremely Dry","darkred"
"6804313",195,2022-07-14,168.8,"Extremely Dry","darkred"
"6804313",209,2022-07-28,169.9,"Extremely Wet","navy"
"6804313",228,2022-08-16,171.8,"Extremely Dry","darkred"
"6804313",242,2022-08-30,173.4,"Extremely Dry","darkred"
"6804313",258,2022-09-15,170.8,"Extremely Dry","darkred"
"6804313",272,2022-09-29,171.2,"Extremely Dry","darkred"
"6804313",287,2022-10-14,172.23,"Extremely Dry","darkred"
"6804313",300,2022-10-27,173,"Extremely Wet","navy"
"6804313",319,2022-11-15,176.8,"Extremely Dry","darkred"
"6804313",334,2022-11-30,172.5,"Extremely Dry","darkred"
"6804313",348,2022-12-14,173.7,"Extremely Dry","darkred"
"6804313",362,2022-12-28,174,"Extremely Dry","darkred"
"6804313",17,2023-01-17,174.6,"Extremely Dry","darkred"
"6804313",30,2023-01-30,174.4,"Extremely Dry","darkred"
"6804313",46,2023-02-15,174.4,"Extremely Dry","darkred"
"6804313",58,2023-02-27,175.2,"Extremely Dry","darkred"
"6804313",73,2023-03-14,176,"Extremely Dry","darkred"
"6804313",88,2023-03-29,177.6,"Extremely Dry","darkred"
"6804313",103,2023-04-13,178.5,"Extremely Wet","navy"
"6804313",117,2023-04-27,177.7,"Extremely Wet","navy"
"6804313",137,2023-05-17,177.9,"Extremely Dry","darkred"
"6804313",151,2023-05-31,178.4,"Extremely Dry","darkred"
"6804313",166,2023-06-15,178.6,"Extremely Dry","darkred"
"6804313",181,2023-06-30,183.1,"Extremely Dry","darkred"
"6804705",13,2022-01-13,189.9,"Extremely Wet","navy"
"6804705",27,2022-01-27,189.95,"Extremely Wet","navy"
"6804705",42,2022-02-11,189.79,"Moderately Dry","orange"
"6804705",59,2022-02-28,189.58,"Extremely Dry","darkred"
"6804705",75,2022-03-16,189.38,"Very Dry","red"
"6804705",89,2022-03-30,189.37,"Moderately Dry","orange"
"6804705",104,2022-04-14,189.84,"Extremely Dry","darkred"
"6804705",118,2022-04-28,189.8,"Extremely Dry","darkred"
"6804705",132,2022-05-12,189.76,"Extremely Wet","navy"
"6804705",147,2022-05-27,190.19,"Extremely Dry","darkred"
"6804705",167,2022-06-16,190.9,"Extremely Dry","darkred"
"6804705",180,2022-06-29,190.66,"Extremely Dry","darkred"
"6804705",195,2022-07-14,190.85,"Extremely Dry","darkred"
"6804705",209,2022-07-28,190.81,"Extremely Wet","navy"
"6804705",228,2022-08-16,190.83,"Extremely Dry","darkred"
"6804705",242,2022-08-30,190.76,"Extremely Dry","darkred"
"6804705",258,2022-09-15,190.54,"Extremely Dry","darkred"
"6804705",272,2022-09-29,190.56,"Extremely Dry","darkred"
"6804705",287,2022-10-14,190.63,"Extremely Dry","darkred"
"6804705",300,2022-10-27,190.6,"Extremely Wet","navy"
"6804705",319,2022-11-15,190.79,"Extremely Dry","darkred"
"6804705",334,2022-11-30,190.35,"Extremely Dry","darkred"
"6804705",348,2022-12-14,190.35,"Extremely Dry","darkred"
"6804705",362,2022-12-28,190.39,"Extremely Dry","darkred"
"6804705",17,2023-01-17,190.35,"Extremely Dry","darkred"
"6804705",30,2023-01-30,190.39,"Extremely Dry","darkred"
"6804705",46,2023-02-15,190.35,"Extremely Dry","darkred"
"6804705",58,2023-02-27,189.9,"Extremely Dry","darkred"
"6804705",73,2023-03-14,190.24,"Extremely Dry","darkred"
"6804705",88,2023-03-29,190.32,"Extremely Dry","darkred"
"6804705",103,2023-04-13,189.95,"Extremely Wet","navy"
"6804705",117,2023-04-27,190.03,"Extremely Wet","navy"
"6804705",137,2023-05-17,190.12,"Extremely Dry","darkred"
"6804705",151,2023-05-31,190.08,"Extremely Dry","darkred"
"6804705",166,2023-06-15,190.11,"Extremely Dry","darkred"
"6804705",181,2023-06-30,190.71,"Extremely Dry","darkred"
"6804706",13,2022-01-13,249.25,"Extremely Wet","navy"
"6804706",27,2022-01-27,247.6,"Extremely Wet","navy"
"6804706",43,2022-02-12,246.94,"Extremely Dry","darkred"
"6804706",59,2022-02-28,246.8,"Moderately Dry","orange"
"6804706",75,2022-03-16,246.08,"Moderately Dry","orange"
"6804706",89,2022-03-30,246.05,"Moderately Dry","orange"
"6804706",104,2022-04-14,245.35,"Extremely Dry","darkred"
"6804706",118,2022-04-28,245.3,"Moderately Dry","orange"
"6804706",132,2022-05-12,245.35,"Extremely Wet","navy"
"6804706",147,2022-05-27,244.7,"Extremely Wet","navy"
"6804706",167,2022-06-16,244.72,"Very Dry","red"
"6804706",180,2022-06-29,244.66,"Moderately Wet","cornflowerblue"
"6804706",195,2022-07-14,244.6,"Extremely Dry","darkred"
"6804706",209,2022-07-28,244.61,"Extremely Wet","navy"
"6804706",228,2022-08-16,244.65,"Moderately Dry","orange"
"6804706",242,2022-08-30,244.45,"Moderately Dry","orange"
"6804706",258,2022-09-15,244.4,"Very Dry","red"
"6804706",272,2022-09-29,244.3,"Extremely Dry","darkred"
"6804706",287,2022-10-14,244.33,"Extremely Wet","navy"
"6804706",300,2022-10-27,244.3,"Extremely Wet","navy"
"6804706",319,2022-11-15,243.75,"Moderately Dry","orange"
"6804706",334,2022-11-30,243.73,"Moderately Dry","orange"
"6804706",348,2022-12-14,243.25,"Moderately Dry","orange"
"6804706",362,2022-12-28,243.26,"Extremely Wet","navy"
"6804706",17,2023-01-17,242.93,"Extremely Wet","navy"
"6804706",30,2023-01-30,243.07,"Very Wet","blue"
"6804706",46,2023-02-15,243.1,"Moderately Dry","orange"
"6804706",58,2023-02-27,242.59,"Extremely Wet","navy"
"6804706",73,2023-03-14,242.6,"Moderately Dry","orange"
"6804706",88,2023-03-29,242.57,"Extremely Wet","navy"
"6804706",103,2023-04-13,242.55,"Extremely Wet","navy"
"6804706",117,2023-04-27,242.34,"Extremely Wet","navy"
"6804706",137,2023-05-17,242.4,"Extremely Dry","darkred"
"6804706",151,2023-05-31,242.35,"Extremely Dry","darkred"
"6804706",166,2023-06-15,242.36,"Moderately Dry","orange"
"6804706",181,2023-06-30,242.5,"Moderately Dry","orange"
"6804804",13,2022-01-13,72.24,"Extremely Wet","navy"
"6804804",27,2022-01-27,73.68,"Extremely Wet","navy"
"6804804",42,2022-02-11,74.93,"Moderately Dry","orange"
"6804804",59,2022-02-28,77.72,"Very Wet","blue"
"6804804",75,2022-03-16,78.5,"Moderately Dry","orange"
"6804804",89,2022-03-30,79.1,"Moderately Dry","orange"
"6804804",104,2022-04-14,79.6,"Extremely Dry","darkred"
"6804804",118,2022-04-28,81.57,"Extremely Dry","darkred"
"6804804",132,2022-05-12,82.11,"Extremely Wet","navy"
"6804804",147,2022-05-27,82.95,"Extremely Wet","navy"
"6804804",167,2022-06-16,83.52,"Very Dry","red"
"6804804",180,2022-06-29,83.93,"Extremely Dry","darkred"
"6804804",195,2022-07-14,84.32,"Extremely Dry","darkred"
"6804804",209,2022-07-28,84.56,"Extremely Wet","navy"
"6804804",228,2022-08-16,84.91,"Very Dry","red"
"6804804",242,2022-08-30,85.15,"Extremely Dry","darkred"
"6804804",258,2022-09-15,85.36,"Extremely Dry","darkred"
"6804804",272,2022-09-29,85.64,"Extremely Dry","darkred"
"6804804",287,2022-10-14,86.15,"Extremely Dry","darkred"
"6804804",300,2022-10-27,85.94,"Extremely Wet","navy"
"6804804",319,2022-11-15,86.11,"Moderately Dry","orange"
"6804804",334,2022-11-30,87.68,"Moderately Dry","orange"
"6804804",348,2022-12-14,88.02,"Extremely Dry","darkred"
"6804804",362,2022-12-28,88.45,"Extremely Dry","darkred"
"6804804",17,2023-01-17,88.46,"Extremely Dry","darkred"
"6804804",30,2023-01-30,88.8,"Extremely Dry","darkred"
"6804804",46,2023-02-15,89.08,"Extremely Dry","darkred"
"6804804",58,2023-02-27,89.43,"Extremely Dry","darkred"
"6804804",73,2023-03-14,89.76,"Extremely Dry","darkred"
"6804804",88,2023-03-29,90.05,"Extremely Dry","darkred"
"6804804",103,2023-04-13,90.1,"Extremely Wet","navy"
"6804804",117,2023-04-27,90.22,"Extremely Wet","navy"
"6804804",137,2023-05-17,90.43,"Extremely Dry","darkred"
"6804804",151,2023-05-31,90.5,"Extremely Dry","darkred"
"6804804",166,2023-06-15,90.55,"Extremely Dry","darkred"
"6804804",181,2023-06-30,90.76,"Extremely Dry","darkred"
"6804806",13,2022-01-13,258.2,"Extremely Wet","navy"
"6804806",27,2022-01-27,258.2,"Extremely Wet","navy"
"6804806",43,2022-02-12,257.7,"Extremely Dry","darkred"
"6804806",59,2022-02-28,257.4,"Extremely Dry","darkred"
"6804806",75,2022-03-16,257.5,"Extremely Dry","darkred"
"6804806",89,2022-03-30,257.2,"Extremely Dry","darkred"
"6804806",104,2022-04-14,257.6,"Extremely Dry","darkred"
"6804806",118,2022-04-28,255.4,"Extremely Dry","darkred"
"6804806",132,2022-05-12,255.8,"Extremely Wet","navy"
"6804806",147,2022-05-27,258.2,"Extremely Dry","darkred"
"6804806",167,2022-06-16,259.4,"Extremely Dry","darkred"
"6804806",180,2022-06-29,261.4,"Extremely Dry","darkred"
"6804806",195,2022-07-14,262.2,"Extremely Dry","darkred"
"6804806",209,2022-07-28,262.9,"Extremely Wet","navy"
"6804806",228,2022-08-16,266.4,"Extremely Dry","darkred"
"6804806",242,2022-08-30,264.5,"Extremely Dry","darkred"
"6804806",258,2022-09-15,263.8,"Extremely Dry","darkred"
"6804806",272,2022-09-29,264,"Extremely Dry","darkred"
"6804806",287,2022-10-14,264.2,"Extremely Dry","darkred"
"6804806",300,2022-10-27,264.7,"Extremely Wet","navy"
"6804806",319,2022-11-15,264.9,"Extremely Dry","darkred"
"6804806",334,2022-11-30,266.8,"Extremely Dry","darkred"
"6804806",348,2022-12-14,265.2,"Extremely Dry","darkred"
"6804806",362,2022-12-28,266.1,"Extremely Dry","darkred"
"6804806",17,2023-01-17,264.3,"Extremely Dry","darkred"
"6804806",30,2023-01-30,263.3,"Extremely Dry","darkred"
"6804806",46,2023-02-15,264.8,"Extremely Dry","darkred"
"6804806",58,2023-02-27,268.6,"Extremely Dry","darkred"
"6804806",73,2023-03-14,271.6,"Extremely Dry","darkred"
"6804806",88,2023-03-29,271.6,"Extremely Dry","darkred"
"6804806",103,2023-04-13,269.4,"Extremely Wet","navy"
"6804806",117,2023-04-27,269.5,"Extremely Wet","navy"
"6804806",137,2023-05-17,269.9,"Extremely Dry","darkred"
"6804806",151,2023-05-31,267.3,"Extremely Dry","darkred"
"6804806",166,2023-06-15,269.9,"Extremely Dry","darkred"
"6804806",181,2023-06-30,271.2,"Extremely Dry","darkred"
"6804809",13,2022-01-13,69.67,"Extremely Wet","navy"
"6804809",27,2022-01-27,70.62,"Extremely Wet","navy"
"6804809",42,2022-02-11,71.67,"Moderately Wet","cornflowerblue"
"6804809",59,2022-02-28,72.54,"Very Dry","red"
"6804809",75,2022-03-16,71.1,"Very Dry","red"
"6804809",89,2022-03-30,71.62,"Moderately Dry","orange"
"6804809",104,2022-04-14,71.37,"Extremely Dry","darkred"
"6804809",118,2022-04-28,73.21,"Extremely Dry","darkred"
"6804809",132,2022-05-12,74.01,"Extremely Wet","navy"
"6804809",147,2022-05-27,72.15,"Extremely Wet","navy"
"6804809",167,2022-06-16,71.55,"Moderately Dry","orange"
"6804809",180,2022-06-29,71.89,"Moderately Dry","orange"
"6804809",195,2022-07-14,72.88,"Extremely Dry","darkred"
"6804809",209,2022-07-28,73.1,"Extremely Wet","navy"
"6804809",228,2022-08-16,73.4,"Extremely Dry","darkred"
"6804809",242,2022-08-30,73.29,"Very Dry","red"
"6804809",258,2022-09-15,73.32,"Moderately Dry","orange"
"6804809",272,2022-09-29,73.26,"Extremely Dry","darkred"
"6804809",287,2022-10-14,73.2,"Extremely Dry","darkred"
"6804809",300,2022-10-27,73.02,"Extremely Wet","navy"
"6804809",319,2022-11-15,73.29,"Very Dry","red"
"6804809",334,2022-11-30,74.21,"Extremely Dry","darkred"
"6804809",348,2022-12-14,72.95,"Extremely Dry","darkred"
"6804809",362,2022-12-28,73.31,"Extremely Dry","darkred"
"6804809",17,2023-01-17,73.35,"Extremely Dry","darkred"
"6804809",30,2023-01-30,72.9,"Very Dry","red"
"6804809",46,2023-02-15,73.08,"Extremely Dry","darkred"
"6804809",58,2023-02-27,73.28,"Extremely Dry","darkred"
"6804809",73,2023-03-14,73.1,"Extremely Dry","darkred"
"6804809",88,2023-03-29,73.2,"Extremely Dry","darkred"
"6804809",103,2023-04-13,73.31,"Extremely Wet","navy"
"6804809",117,2023-04-27,73.3,"Extremely Wet","navy"
"6804809",137,2023-05-17,73.37,"Extremely Dry","darkred"
"6804809",151,2023-05-31,72.86,"Extremely Dry","darkred"
"6804809",166,2023-06-15,72.9,"Very Dry","red"
"6804809",181,2023-06-30,73.19,"Very Dry","red"
"6804916",13,2022-01-13,248.5,"Extremely Wet","navy"
"6804916",27,2022-01-27,248.3,"Extremely Wet","navy"
"6804916",43,2022-02-12,248,"Extremely Dry","darkred"
"6804916",59,2022-02-28,247.55,"Extremely Dry","darkred"
"6804916",75,2022-03-16,246.8,"Very Dry","red"
"6804916",89,2022-03-30,246.6,"Moderately Dry","orange"
"6804916",104,2022-04-14,248.18,"Extremely Dry","darkred"
"6804916",118,2022-04-28,247.8,"Extremely Dry","darkred"
"6804916",132,2022-05-12,248.76,"Extremely Wet","navy"
"6804916",147,2022-05-27,255.25,"Extremely Dry","darkred"
"6804916",167,2022-06-16,254.11,"Extremely Dry","darkred"
"6804916",180,2022-06-29,255.65,"Extremely Dry","darkred"
"6804916",195,2022-07-14,257.9,"Extremely Dry","darkred"
"6804916",209,2022-07-28,259.04,"Extremely Wet","navy"
"6804916",228,2022-08-16,261.5,"Extremely Dry","darkred"
"6804916",242,2022-08-30,260.71,"Extremely Dry","darkred"
"6804916",258,2022-09-15,260.5,"Extremely Dry","darkred"
"6804916",272,2022-09-29,260.32,"Extremely Dry","darkred"
"6804916",287,2022-10-14,260.3,"Extremely Dry","darkred"
"6804916",300,2022-10-27,260.4,"Extremely Wet","navy"
"6804916",319,2022-11-15,260.45,"Extremely Dry","darkred"
"6804916",334,2022-11-30,261.25,"Extremely Dry","darkred"
"6804916",348,2022-12-14,258.54,"Extremely Dry","darkred"
"6804916",362,2022-12-28,258.96,"Extremely Dry","darkred"
"6804916",17,2023-01-17,258.15,"Extremely Dry","darkred"
"6804916",30,2023-01-30,256,"Extremely Dry","darkred"
"6804916",46,2023-02-15,255.1,"Extremely Dry","darkred"
"6804916",58,2023-02-27,255.8,"Extremely Dry","darkred"
"6804916",73,2023-03-14,254.7,"Extremely Dry","darkred"
"6804916",88,2023-03-29,255,"Extremely Dry","darkred"
"6804916",103,2023-04-13,255.5,"Extremely Wet","navy"
"6804916",117,2023-04-27,255.52,"Extremely Wet","navy"
"6804916",137,2023-05-17,255.62,"Extremely Dry","darkred"
"6804916",151,2023-05-31,256.67,"Extremely Dry","darkred"
"6804916",166,2023-06-15,257.87,"Extremely Dry","darkred"
"6804916",181,2023-06-30,258.78,"Extremely Dry","darkred"
"6809303",13,2022-01-13,791.65,"Extremely Wet","navy"
"6809303",27,2022-01-27,787.51,"Extremely Wet","navy"
"6809303",42,2022-02-11,796.06,"Extremely Dry","darkred"
"6809303",59,2022-02-28,787.03,"Extremely Dry","darkred"
"6809303",75,2022-03-16,784.44,"Very Dry","red"
"6809303",89,2022-03-30,787.31,"Moderately Dry","orange"
"6809303",104,2022-04-14,790.93,"Extremely Dry","darkred"
"6809303",118,2022-04-28,789.68,"Moderately Dry","orange"
"6809303",132,2022-05-12,790.37,"Extremely Wet","navy"
"6809303",147,2022-05-27,791.13,"Extremely Dry","darkred"
"6809303",167,2022-06-16,798.81,"Extremely Dry","darkred"
"6809303",180,2022-06-29,803.23,"Extremely Dry","darkred"
"6809303",195,2022-07-14,806.4,"Extremely Dry","darkred"
"6809303",209,2022-07-28,809.95,"Extremely Wet","navy"
"6809303",228,2022-08-16,813.29,"Extremely Dry","darkred"
"6809303",242,2022-08-30,809.99,"Extremely Dry","darkred"
"6809303",258,2022-09-15,807,"Extremely Dry","darkred"
"6809303",272,2022-09-29,811.99,"Extremely Dry","darkred"
"6809303",287,2022-10-14,813.25,"Extremely Dry","darkred"
"6809303",300,2022-10-27,813.01,"Extremely Wet","navy"
"6809303",319,2022-11-15,809.84,"Extremely Dry","darkred"
"6809303",334,2022-11-30,806.63,"Extremely Dry","darkred"
"6809303",348,2022-12-14,802.69,"Extremely Dry","darkred"
"6809303",362,2022-12-28,802.03,"Extremely Dry","darkred"
"6809303",17,2023-01-17,803.28,"Extremely Dry","darkred"
"6809303",30,2023-01-30,801.36,"Extremely Dry","darkred"
"6809303",46,2023-02-15,798.5,"Extremely Dry","darkred"
"6809303",58,2023-02-27,800.47,"Extremely Dry","darkred"
"6809303",73,2023-03-14,801.55,"Extremely Dry","darkred"
"6809303",88,2023-03-29,801.14,"Extremely Dry","darkred"
"6809303",103,2023-04-13,799.96,"Extremely Wet","navy"
"6809303",117,2023-04-27,799.52,"Extremely Wet","navy"
"6809303",137,2023-05-17,797,"Extremely Dry","darkred"
"6809303",151,2023-05-31,799.02,"Extremely Dry","darkred"
"6809303",166,2023-06-15,800.24,"Extremely Dry","darkred"
"6809303",181,2023-06-30,808.47,"Extremely Dry","darkred"
"6810405",13,2022-01-13,157.76,"Extremely Wet","navy"
"6810405",27,2022-01-27,157.8,"Extremely Wet","navy"
"6810405",43,2022-02-12,157.7,"Extremely Dry","darkred"
"6810405",59,2022-02-28,157.76,"Very Dry","red"
"6810405",75,2022-03-16,157.94,"Very Dry","red"
"6810405",89,2022-03-30,157.95,"Moderately Dry","orange"
"6810405",104,2022-04-14,157.96,"Extremely Dry","darkred"
"6810405",118,2022-04-28,157.95,"Extremely Dry","darkred"
"6810405",132,2022-05-12,157.96,"Extremely Wet","navy"
"6810405",147,2022-05-27,158.1,"Extremely Dry","darkred"
"6810405",167,2022-06-16,158.15,"Very Dry","red"
"6810405",180,2022-06-29,158.65,"Moderately Dry","orange"
"6810405",195,2022-07-14,158.95,"Extremely Dry","darkred"
"6810405",209,2022-07-28,158.94,"Extremely Wet","navy"
"6810405",228,2022-08-16,158.88,"Extremely Dry","darkred"
"6810405",242,2022-08-30,158.9,"Extremely Dry","darkred"
"6810405",258,2022-09-15,158.86,"Extremely Dry","darkred"
"6810405",272,2022-09-29,158.75,"Extremely Dry","darkred"
"6810405",287,2022-10-14,158.72,"Extremely Dry","darkred"
"6810405",300,2022-10-27,158.71,"Extremely Wet","navy"
"6810405",319,2022-11-15,158.68,"Very Dry","red"
"6810405",334,2022-11-30,158.67,"Extremely Dry","darkred"
"6810405",348,2022-12-14,158.78,"Extremely Dry","darkred"
"6810405",362,2022-12-28,158.75,"Extremely Dry","darkred"
"6810405",17,2023-01-17,158.69,"Extremely Dry","darkred"
"6810405",30,2023-01-30,158.7,"Extremely Dry","darkred"
"6810405",46,2023-02-15,158.68,"Extremely Dry","darkred"
"6810405",58,2023-02-27,158.65,"Extremely Dry","darkred"
"6810405",73,2023-03-14,158.66,"Extremely Dry","darkred"
"6810405",88,2023-03-29,158.69,"Extremely Dry","darkred"
"6810405",103,2023-04-13,158.79,"Extremely Wet","navy"
"6810405",117,2023-04-27,158.75,"Extremely Wet","navy"
"6810405",137,2023-05-17,158.74,"Extremely Dry","darkred"
"6810405",151,2023-05-31,158.84,"Extremely Dry","darkred"
"6810405",166,2023-06-15,158.88,"Extremely Dry","darkred"
"6810405",181,2023-06-30,158.93,"Extremely Dry","darkred"
"6810616",13,2022-01-13,398.76,"Extremely Wet","navy"
"6810616",27,2022-01-27,389.66,"Extremely Wet","navy"
"6810616",42,2022-02-11,377.87,"Moderately Wet","cornflowerblue"
"6810616",59,2022-02-28,375.36,"Very Dry","red"
"6810616",75,2022-03-16,384.01,"Moderately Dry","orange"
"6810616",89,2022-03-30,402.29,"Moderately Dry","orange"
"6810616",104,2022-04-14,432.22,"Extremely Wet","navy"
"6810616",118,2022-04-28,418.32,"Moderately Dry","orange"
"6810616",132,2022-05-12,419.14,"Extremely Wet","navy"
"6810616",147,2022-05-27,428.72,"Extremely Wet","navy"
"6810616",167,2022-06-16,463.23,"Moderately Dry","orange"
"6810616",180,2022-06-29,463.15,"Extremely Dry","darkred"
"6810616",195,2022-07-14,463.22,"Extremely Dry","darkred"
"6810616",209,2022-07-28,463.27,"Extremely Wet","navy"
"6810616",228,2022-08-16,463.31,"Very Dry","red"
"6810616",242,2022-08-30,448.8,"Moderately Dry","orange"
"6810616",258,2022-09-15,450.5,"Moderately Dry","orange"
"6810616",272,2022-09-29,459.02,"Extremely Dry","darkred"
"6810616",287,2022-10-14,463.27,"Extremely Dry","darkred"
"6810616",300,2022-10-27,463.33,"Extremely Wet","navy"
"6810616",319,2022-11-15,454.02,"Very Dry","red"
"6810616",334,2022-11-30,437.63,"Very Dry","red"
"6810616",348,2022-12-14,427.88,"Extremely Dry","darkred"
"6810616",362,2022-12-28,433.64,"Extremely Dry","darkred"
"6810616",17,2023-01-17,417.65,"Extremely Dry","darkred"
"6810616",30,2023-01-30,409.54,"Extremely Dry","darkred"
"6810616",46,2023-02-15,403.19,"Extremely Dry","darkred"
"6810616",58,2023-02-27,404.98,"Moderately Dry","orange"
"6810616",73,2023-03-14,445.52,"Extremely Dry","darkred"
"6810616",88,2023-03-29,430.04,"Extremely Dry","darkred"
"6810616",103,2023-04-13,423.67,"Extremely Wet","navy"
"6810616",117,2023-04-27,433.3,"Extremely Wet","navy"
"6810616",137,2023-05-17,449.16,"Extremely Dry","darkred"
"6810616",151,2023-05-31,432.99,"Extremely Dry","darkred"
"6810616",166,2023-06-15,439.2,"Moderately Dry","orange"
"6810616",181,2023-06-30,463.33,"Moderately Wet","cornflowerblue"
"6810626",13,2022-01-13,381.2,"Extremely Wet","navy"
"6810626",27,2022-01-27,380.88,"Extremely Wet","navy"
"6810626",42,2022-02-11,378.98,"Moderately Wet","cornflowerblue"
"6810626",59,2022-02-28,367.45,"Very Dry","red"
"6810626",75,2022-03-16,372.1,"Very Dry","red"
"6810626",89,2022-03-30,376.88,"Moderately Dry","orange"
"6810626",104,2022-04-14,413.4,"Extremely Dry","darkred"
"6810626",118,2022-04-28,415.9,"Extremely Dry","darkred"
"6810626",132,2022-05-12,406.8,"Extremely Wet","navy"
"6810626",147,2022-05-27,408,"Extremely Wet","navy"
"6810626",167,2022-06-16,446.6,"Extremely Dry","darkred"
"6810626",180,2022-06-29,439.6,"Extremely Dry","darkred"
"6810626",195,2022-07-14,440.2,"Extremely Dry","darkred"
"6810626",209,2022-07-28,441.49,"Extremely Wet","navy"
"6810626",228,2022-08-16,440.07,"Extremely Dry","darkred"
"6810626",242,2022-08-30,441.43,"Extremely Dry","darkred"
"6810626",258,2022-09-15,437.6,"Extremely Dry","darkred"
"6810626",272,2022-09-29,437.69,"Extremely Dry","darkred"
"6810626",287,2022-10-14,439.12,"Extremely Dry","darkred"
"6810626",300,2022-10-27,439.9,"Extremely Wet","navy"
"6810626",319,2022-11-15,445.04,"Extremely Dry","darkred"
"6810626",334,2022-11-30,430.8,"Extremely Dry","darkred"
"6810626",348,2022-12-14,427.25,"Extremely Dry","darkred"
"6810626",362,2022-12-28,416.8,"Extremely Dry","darkred"
"6810626",17,2023-01-17,402.73,"Extremely Dry","darkred"
"6810626",30,2023-01-30,413.17,"Extremely Dry","darkred"
"6810626",46,2023-02-15,425.65,"Extremely Dry","darkred"
"6810626",58,2023-02-27,416.05,"Extremely Dry","darkred"
"6810626",73,2023-03-14,413.15,"Extremely Dry","darkred"
"6810626",88,2023-03-29,410.8,"Extremely Dry","darkred"
"6810626",103,2023-04-13,406.55,"Extremely Wet","navy"
"6810626",117,2023-04-27,407.6,"Extremely Wet","navy"
"6810626",137,2023-05-17,415.42,"Extremely Dry","darkred"
"6810626",151,2023-05-31,411.65,"Extremely Dry","darkred"
"6810626",166,2023-06-15,415.12,"Extremely Dry","darkred"
"6810626",181,2023-06-30,432.05,"Very Dry","red"
"6810813",13,2022-01-13,494.7,"Extremely Wet","navy"
"6810813",27,2022-01-27,499,"Extremely Wet","navy"
"6810813",42,2022-02-11,498.5,"Extremely Wet","navy"
"6810813",59,2022-02-28,498,"Moderately Dry","orange"
"6810813",75,2022-03-16,498.2,"Moderately Dry","orange"
"6810813",89,2022-03-30,513.4,"Extremely Dry","darkred"
"6810813",104,2022-04-14,500.8,"Moderately Dry","orange"
"6810813",118,2022-04-28,498,"Moderately Wet","cornflowerblue"
"6810813",132,2022-05-12,502.3,"Extremely Wet","navy"
"6810813",147,2022-05-27,504.2,"Extremely Wet","navy"
"6810813",167,2022-06-16,515.8,"Moderately Dry","orange"
"6810813",180,2022-06-29,531.4,"Extremely Dry","darkred"
"6810813",195,2022-07-14,534.2,"Extremely Dry","darkred"
"6810813",209,2022-07-28,533.4,"Extremely Wet","navy"
"6810813",228,2022-08-16,527.8,"Moderately Dry","orange"
"6810813",242,2022-08-30,521.8,"Moderately Dry","orange"
"6810813",258,2022-09-15,516.2,"Moderately Dry","orange"
"6810813",272,2022-09-29,517.3,"Extremely Wet","navy"
"6810813",287,2022-10-14,520.1,"Extremely Wet","navy"
"6810813",300,2022-10-27,522.6,"Extremely Wet","navy"
"6810813",319,2022-11-15,521.3,"Moderately Dry","orange"
"6810813",334,2022-11-30,509.4,"Moderately Dry","orange"
"6810813",348,2022-12-14,505.2,"Extremely Dry","darkred"
"6810813",362,2022-12-28,513.2,"Extremely Dry","darkred"
"6810813",17,2023-01-17,503.2,"Extremely Wet","navy"
"6810813",30,2023-01-30,493.1,"Extremely Wet","navy"
"6810813",46,2023-02-15,488.8,"Moderately Dry","orange"
"6810813",58,2023-02-27,491.3,"Extremely Wet","navy"
"6810813",73,2023-03-14,497.6,"Moderately Wet","cornflowerblue"
"6810813",88,2023-03-29,493,"Extremely Wet","navy"
"6810813",103,2023-04-13,488.9,"Extremely Wet","navy"
"6810813",117,2023-04-27,488.8,"Extremely Wet","navy"
"6810813",137,2023-05-17,489.4,"Extremely Wet","navy"
"6810813",151,2023-05-31,490,"Moderately Dry","orange"
"6810813",166,2023-06-15,492.2,"Moderately Dry","orange"
"6810813",181,2023-06-30,505.7,"Moderately Wet","cornflowerblue"
"6810913",13,2022-01-13,34.87,"Extremely Wet","navy"
"6810913",27,2022-01-27,35,"Extremely Wet","navy"
"6810913",43,2022-02-12,35.35,"Extremely Dry","darkred"
"6810913",59,2022-02-28,35.37,"Very Wet","blue"
"6810913",75,2022-03-16,35.4,"Very Dry","red"
"6810913",89,2022-03-30,35.63,"Moderately Dry","orange"
"6810913",104,2022-04-14,35.66,"Extremely Dry","darkred"
"6810913",118,2022-04-28,35.5,"Extremely Dry","darkred"
"6810913",132,2022-05-12,35.68,"Extremely Wet","navy"
"6810913",147,2022-05-27,35.85,"Extremely Wet","navy"
"6810913",167,2022-06-16,36.48,"Extremely Dry","darkred"
"6810913",180,2022-06-29,35.96,"Moderately Dry","orange"
"6810913",195,2022-07-14,36.09,"Extremely Dry","darkred"
"6810913",209,2022-07-28,36.33,"Extremely Wet","navy"
"6810913",228,2022-08-16,36.11,"Very Wet","blue"
"6810913",242,2022-08-30,36.27,"Moderately Dry","orange"
"6810913",258,2022-09-15,36.14,"Moderately Dry","orange"
"6810913",272,2022-09-29,36.55,"Extremely Dry","darkred"
"6810913",287,2022-10-14,36.6,"Extremely Dry","darkred"
"6810913",300,2022-10-27,36.55,"Extremely Wet","navy"
"6810913",319,2022-11-15,36.68,"Moderately Dry","orange"
"6810913",334,2022-11-30,36.29,"Moderately Dry","orange"
"6810913",348,2022-12-14,37,"Extremely Dry","darkred"
"6810913",362,2022-12-28,37.25,"Extremely Dry","darkred"
"6810913",17,2023-01-17,36.88,"Moderately Dry","orange"
"6810913",30,2023-01-30,36.25,"Extremely Dry","darkred"
"6810913",46,2023-02-15,37.14,"Extremely Dry","darkred"
"6810913",58,2023-02-27,37.25,"Extremely Dry","darkred"
"6810913",73,2023-03-14,36.38,"Moderately Dry","orange"
"6810913",88,2023-03-29,36.4,"Extremely Dry","darkred"
"6810913",103,2023-04-13,36.86,"Extremely Wet","navy"
"6810913",117,2023-04-27,36.2,"Extremely Wet","navy"
"6810913",137,2023-05-17,36.16,"Extremely Dry","darkred"
"6810913",151,2023-05-31,36.11,"Extremely Wet","navy"
"6810913",166,2023-06-15,32.96,"Moderately Dry","orange"
"6810913",181,2023-06-30,33.25,"Extremely Wet","navy"
"6811211",13,2022-01-13,105.2,"Extremely Wet","navy"
"6811211",27,2022-01-27,105.38,"Extremely Wet","navy"
"6811211",42,2022-02-11,105.35,"Extremely Dry","darkred"
"6811211",59,2022-02-28,105.26,"Extremely Wet","navy"
"6811211",75,2022-03-16,105.25,"Extremely Dry","darkred"
"6811211",89,2022-03-30,105.27,"Extremely Dry","darkred"
"6811211",104,2022-04-14,105.47,"Extremely Wet","navy"
"6811211",118,2022-04-28,105.53,"Extremely Wet","navy"
"6811211",132,2022-05-12,105.55,"Extremely Wet","navy"
"6811211",147,2022-05-27,106.42,"Extremely Wet","navy"
"6811211",167,2022-06-16,105.95,"Extremely Dry","darkred"
"6811211",180,2022-06-29,106.2,"Extremely Dry","darkred"
"6811211",195,2022-07-14,106.4,"Extremely Wet","navy"
"6811211",209,2022-07-28,106.52,"Extremely Wet","navy"
"6811211",228,2022-08-16,106.8,"Extremely Dry","darkred"
"6811211",242,2022-08-30,106.9,"Extremely Dry","darkred"
"6811211",258,2022-09-15,106.97,"Extremely Dry","darkred"
"6811211",272,2022-09-29,107.18,"Extremely Wet","navy"
"6811211",287,2022-10-14,107.38,"Extremely Wet","navy"
"6811211",300,2022-10-27,107.39,"Extremely Wet","navy"
"6811211",319,2022-11-15,107.98,"Extremely Dry","darkred"
"6811211",334,2022-11-30,108.22,"Extremely Dry","darkred"
"6811211",348,2022-12-14,109.02,"Extremely Dry","darkred"
"6811211",362,2022-12-28,109.15,"Extremely Dry","darkred"
"6811211",17,2023-01-17,120.62,"Extremely Wet","navy"
"6811211",30,2023-01-30,130.89,"Extremely Dry","darkred"
"6811211",46,2023-02-15,152.85,"Extremely Wet","navy"
"6811211",58,2023-02-27,174.87,"Extremely Dry","darkred"
"6811211",73,2023-03-14,180.58,"Extremely Wet","navy"
"6811211",88,2023-03-29,181.89,"Extremely Wet","navy"
"6811211",103,2023-04-13,182.65,"Extremely Wet","navy"
"6811211",117,2023-04-27,184.65,"Extremely Wet","navy"
"6811211",137,2023-05-17,183.89,"Extremely Wet","navy"
"6811211",151,2023-05-31,203.95,"Extremely Wet","navy"
"6811211",166,2023-06-15,209.1,"Extremely Wet","navy"
"6811211",181,2023-06-30,219.5,"Extremely Dry","darkred"
"6811302",13,2022-01-13,164.8,"Extremely Wet","navy"
"6811302",27,2022-01-27,164.78,"Extremely Wet","navy"
"6811302",42,2022-02-11,164.99,"Extremely Wet","navy"
"6811302",59,2022-02-28,164.71,"Very Wet","blue"
"6811302",75,2022-03-16,165.1,"Moderately Dry","orange"
"6811302",89,2022-03-30,167.74,"Extremely Dry","darkred"
"6811302",104,2022-04-14,169.06,"Extremely Dry","darkred"
"6811302",118,2022-04-28,169.12,"Extremely Dry","darkred"
"6811302",132,2022-05-12,169.97,"Extremely Wet","navy"
"6811302",147,2022-05-27,169.79,"Extremely Wet","navy"
"6811302",167,2022-06-16,172.27,"Extremely Dry","darkred"
"6811302",180,2022-06-29,171.53,"Extremely Dry","darkred"
"6811302",195,2022-07-14,171.57,"Extremely Dry","darkred"
"6811302",209,2022-07-28,172.61,"Extremely Wet","navy"
"6811302",228,2022-08-16,172.52,"Very Dry","red"
"6811302",242,2022-08-30,172.01,"Extremely Dry","darkred"
"6811302",258,2022-09-15,171.92,"Extremely Dry","darkred"
"6811302",272,2022-09-29,172.76,"Extremely Dry","darkred"
"6811302",287,2022-10-14,172.69,"Extremely Dry","darkred"
"6811302",300,2022-10-27,172.55,"Extremely Wet","navy"
"6811302",319,2022-11-15,171.32,"Extremely Dry","darkred"
"6811302",334,2022-11-30,170.49,"Extremely Dry","darkred"
"6811302",348,2022-12-14,170.84,"Extremely Dry","darkred"
"6811302",362,2022-12-28,170,"Extremely Dry","darkred"
"6811302",17,2023-01-17,170.63,"Extremely Dry","darkred"
"6811302",30,2023-01-30,169.48,"Extremely Dry","darkred"
"6811302",46,2023-02-15,168.94,"Very Dry","red"
"6811302",58,2023-02-27,169.43,"Extremely Dry","darkred"
"6811302",73,2023-03-14,170.82,"Moderately Dry","orange"
"6811302",88,2023-03-29,170.93,"Extremely Dry","darkred"
"6811302",103,2023-04-13,170.79,"Extremely Wet","navy"
"6811302",117,2023-04-27,170.55,"Extremely Wet","navy"
"6811302",137,2023-05-17,169.58,"Extremely Dry","darkred"
"6811302",151,2023-05-31,170.18,"Extremely Dry","darkred"
"6811302",166,2023-06-15,171.31,"Extremely Dry","darkred"
"6811302",181,2023-06-30,173.21,"Extremely Dry","darkred"
"6811417",13,2022-01-13,272.55,"Extremely Dry","darkred"
"6811417",27,2022-01-27,270.81,"Extremely Wet","navy"
"6811417",42,2022-02-11,267.68,"Moderately Dry","orange"
"6811417",59,2022-02-28,264.77,"Moderately Dry","orange"
"6811417",75,2022-03-16,264.2,"Moderately Wet","cornflowerblue"
"6811417",89,2022-03-30,267.65,"Moderately Dry","orange"
"6811417",104,2022-04-14,274.54,"Extremely Dry","darkred"
"6811417",118,2022-04-28,280.76,"Extremely Dry","darkred"
"6811417",132,2022-05-12,281.76,"Extremely Wet","navy"
"6811417",147,2022-05-27,286.39,"Extremely Dry","darkred"
"6811417",167,2022-06-16,294.42,"Extremely Dry","darkred"
"6811417",180,2022-06-29,303.09,"Extremely Dry","darkred"
"6811417",195,2022-07-14,305.99,"Extremely Dry","darkred"
"6811417",209,2022-07-28,307.8,"Extremely Wet","navy"
"6811417",228,2022-08-16,309.81,"Extremely Dry","darkred"
"6811417",242,2022-08-30,307.93,"Extremely Dry","darkred"
"6811417",258,2022-09-15,305.85,"Extremely Dry","darkred"
"6811417",272,2022-09-29,306.86,"Extremely Dry","darkred"
"6811417",287,2022-10-14,308.9,"Extremely Dry","darkred"
"6811417",300,2022-10-27,303.03,"Extremely Wet","navy"
"6811417",319,2022-11-15,302.28,"Extremely Dry","darkred"
"6811417",334,2022-11-30,299.97,"Extremely Dry","darkred"
"6811417",348,2022-12-14,295.87,"Extremely Dry","darkred"
"6811417",362,2022-12-28,294.25,"Extremely Dry","darkred"
"6811417",17,2023-01-17,295,"Extremely Dry","darkred"
"6811417",30,2023-01-30,291.17,"Extremely Dry","darkred"
"6811417",46,2023-02-15,288.11,"Extremely Dry","darkred"
"6811417",58,2023-02-27,287.86,"Extremely Dry","darkred"
"6811417",73,2023-03-14,288.45,"Moderately Dry","orange"
"6811417",88,2023-03-29,293.21,"Extremely Dry","darkred"
"6811417",103,2023-04-13,294.31,"Extremely Wet","navy"
"6811417",117,2023-04-27,294.95,"Extremely Wet","navy"
"6811417",137,2023-05-17,293.24,"Extremely Dry","darkred"
"6811417",151,2023-05-31,293.55,"Extremely Dry","darkred"
"6811417",166,2023-06-15,293.97,"Extremely Dry","darkred"
"6811417",181,2023-06-30,288.85,"Very Dry","red"
"6811418",13,2022-01-13,443.07,"Extremely Wet","navy"
"6811418",27,2022-01-27,442.31,"Extremely Wet","navy"
"6811418",42,2022-02-11,441.18,"Moderately Dry","orange"
"6811418",59,2022-02-28,438.82,"Very Dry","red"
"6811418",75,2022-03-16,439.83,"Very Dry","red"
"6811418",89,2022-03-30,448.27,"Moderately Dry","orange"
"6811418",104,2022-04-14,463.81,"Extremely Dry","darkred"
"6811418",118,2022-04-28,464.76,"Extremely Dry","darkred"
"6811418",132,2022-05-12,465.5,"Extremely Wet","navy"
"6811418",147,2022-05-27,474.61,"Extremely Wet","navy"
"6811418",167,2022-06-16,495.6,"Extremely Dry","darkred"
"6811418",180,2022-06-29,495.68,"Extremely Dry","darkred"
"6811418",195,2022-07-14,497.78,"Extremely Dry","darkred"
"6811418",209,2022-07-28,496.72,"Extremely Wet","navy"
"6811418",228,2022-08-16,496.46,"Extremely Dry","darkred"
"6811418",242,2022-08-30,493.2,"Extremely Dry","darkred"
"6811418",258,2022-09-15,494.75,"Extremely Dry","darkred"
"6811418",272,2022-09-29,497.28,"Extremely Dry","darkred"
"6811418",287,2022-10-14,499.07,"Extremely Dry","darkred"
"6811418",300,2022-10-27,498.5,"Extremely Wet","navy"
"6811418",319,2022-11-15,492.36,"Extremely Dry","darkred"
"6811418",334,2022-11-30,484.52,"Extremely Dry","darkred"
"6811418",348,2022-12-14,476.94,"Extremely Dry","darkred"
"6811418",362,2022-12-28,474.65,"Extremely Dry","darkred"
"6811418",17,2023-01-17,467.73,"Extremely Dry","darkred"
"6811418",30,2023-01-30,465.74,"Extremely Dry","darkred"
"6811418",46,2023-02-15,457.93,"Extremely Dry","darkred"
"6811418",58,2023-02-27,457.43,"Extremely Dry","darkred"
"6811418",73,2023-03-14,471.04,"Extremely Dry","darkred"
"6811418",88,2023-03-29,469.88,"Extremely Dry","darkred"
"6811418",103,2023-04-13,469.26,"Extremely Wet","navy"
"6811418",117,2023-04-27,469.78,"Extremely Wet","navy"
"6811418",137,2023-05-17,472.41,"Extremely Dry","darkred"
"6811418",151,2023-05-31,471.7,"Extremely Dry","darkred"
"6811418",166,2023-06-15,476.55,"Extremely Dry","darkred"
"6811418",181,2023-06-30,491.2,"Extremely Dry","darkred"
"6811509",13,2022-01-13,319.99,"Extremely Wet","navy"
"6811509",27,2022-01-27,320.33,"Extremely Wet","navy"
"6811509",42,2022-02-11,320.24,"Moderately Dry","orange"
"6811509",59,2022-02-28,320.27,"Extremely Dry","darkred"
"6811509",75,2022-03-16,322.11,"Very Dry","red"
"6811509",89,2022-03-30,321.85,"Moderately Dry","orange"
"6811509",104,2022-04-14,323.17,"Extremely Dry","darkred"
"6811509",118,2022-04-28,322.54,"Extremely Dry","darkred"
"6811509",132,2022-05-12,322.88,"Extremely Wet","navy"
"6811509",147,2022-05-27,323.31,"Extremely Dry","darkred"
"6811509",167,2022-06-16,324.52,"Extremely Dry","darkred"
"6811509",180,2022-06-29,324.97,"Extremely Dry","darkred"
"6811509",195,2022-07-14,324.31,"Extremely Dry","darkred"
"6811509",209,2022-07-28,324.81,"Extremely Wet","navy"
"6811509",228,2022-08-16,324.65,"Extremely Dry","darkred"
"6811509",242,2022-08-30,324.49,"Extremely Dry","darkred"
"6811509",258,2022-09-15,324.14,"Extremely Dry","darkred"
"6811509",272,2022-09-29,324.09,"Extremely Dry","darkred"
"6811509",287,2022-10-14,324.34,"Extremely Dry","darkred"
"6811509",300,2022-10-27,325.44,"Extremely Wet","navy"
"6811509",319,2022-11-15,325.48,"Extremely Dry","darkred"
"6811509",334,2022-11-30,324.92,"Extremely Dry","darkred"
"6811509",348,2022-12-14,324.43,"Extremely Dry","darkred"
"6811509",362,2022-12-28,325.38,"Extremely Dry","darkred"
"6811509",17,2023-01-17,324.47,"Extremely Dry","darkred"
"6811509",30,2023-01-30,324.27,"Extremely Dry","darkred"
"6811509",46,2023-02-15,323.78,"Extremely Dry","darkred"
"6811509",58,2023-02-27,324.01,"Extremely Dry","darkred"
"6811509",73,2023-03-14,324.45,"Extremely Dry","darkred"
"6811509",88,2023-03-29,324.82,"Extremely Dry","darkred"
"6811509",103,2023-04-13,324.56,"Extremely Wet","navy"
"6811509",117,2023-04-27,324.55,"Extremely Wet","navy"
"6811509",137,2023-05-17,325.03,"Extremely Dry","darkred"
"6811509",151,2023-05-31,325.15,"Extremely Dry","darkred"
"6811509",166,2023-06-15,325.85,"Extremely Dry","darkred"
"6811509",181,2023-06-30,326.23,"Extremely Dry","darkred"
"6811611",13,2022-01-13,326.03,"Extremely Wet","navy"
"6811611",27,2022-01-27,327.8,"Extremely Wet","navy"
"6811611",42,2022-02-11,327.5,"Moderately Dry","orange"
"6811611",59,2022-02-28,328.4,"Very Wet","blue"
"6811611",75,2022-03-16,329.98,"Moderately Dry","orange"
"6811611",89,2022-03-30,332.6,"Extremely Wet","navy"
"6811611",104,2022-04-14,332.95,"Extremely Dry","darkred"
"6811611",118,2022-04-28,334.25,"Extremely Dry","darkred"
"6811611",132,2022-05-12,336.1,"Extremely Wet","navy"
"6811611",147,2022-05-27,339,"Extremely Dry","darkred"
"6811611",167,2022-06-16,344.4,"Extremely Dry","darkred"
"6811611",180,2022-06-29,349.51,"Extremely Dry","darkred"
"6811611",195,2022-07-14,351.5,"Extremely Dry","darkred"
"6811611",209,2022-07-28,355.6,"Extremely Wet","navy"
"6811611",228,2022-08-16,356,"Extremely Dry","darkred"
"6811611",242,2022-08-30,354.9,"Extremely Dry","darkred"
"6811611",258,2022-09-15,353.9,"Extremely Dry","darkred"
"6811611",272,2022-09-29,358,"Extremely Dry","darkred"
"6811611",287,2022-10-14,357.85,"Extremely Dry","darkred"
"6811611",300,2022-10-27,356.8,"Extremely Wet","navy"
"6811611",319,2022-11-15,355.75,"Extremely Dry","darkred"
"6811611",334,2022-11-30,351.3,"Extremely Dry","darkred"
"6811611",348,2022-12-14,348.9,"Extremely Dry","darkred"
"6811611",362,2022-12-28,348.75,"Extremely Dry","darkred"
"6811611",17,2023-01-17,350.2,"Extremely Dry","darkred"
"6811611",30,2023-01-30,350.82,"Extremely Dry","darkred"
"6811611",46,2023-02-15,344.7,"Extremely Dry","darkred"
"6811611",58,2023-02-27,342.4,"Extremely Dry","darkred"
"6811611",73,2023-03-14,343.7,"Extremely Dry","darkred"
"6811611",88,2023-03-29,346.8,"Extremely Dry","darkred"
"6811611",103,2023-04-13,347.9,"Extremely Wet","navy"
"6811611",117,2023-04-27,344.7,"Extremely Wet","navy"
"6811611",137,2023-05-17,345.5,"Extremely Dry","darkred"
"6811611",151,2023-05-31,343.9,"Extremely Dry","darkred"
"6811611",166,2023-06-15,344.6,"Extremely Dry","darkred"
"6811611",181,2023-06-30,346.98,"Extremely Dry","darkred"
"6811708",13,2022-01-13,229.29,"Extremely Wet","navy"
"6811708",27,2022-01-27,250.27,"Extremely Wet","navy"
"6811708",42,2022-02-11,228.48,"Very Dry","red"
"6811708",59,2022-02-28,229.03,"Moderately Dry","orange"
"6811708",75,2022-03-16,228.46,"Extremely Dry","darkred"
"6811708",89,2022-03-30,227.72,"Moderately Dry","orange"
"6811708",104,2022-04-14,250.75,"Extremely Dry","darkred"
"6811708",118,2022-04-28,234.97,"Extremely Dry","darkred"
"6811708",132,2022-05-12,238.35,"Extremely Wet","navy"
"6811708",147,2022-05-27,238.46,"Extremely Wet","navy"
"6811708",167,2022-06-16,283.99,"Extremely Dry","darkred"
"6811708",180,2022-06-29,252.46,"Extremely Dry","darkred"
"6811708",195,2022-07-14,278.89,"Extremely Dry","darkred"
"6811708",209,2022-07-28,272.39,"Extremely Wet","navy"
"6811708",228,2022-08-16,249.23,"Moderately Dry","orange"
"6811708",242,2022-08-30,254.73,"Moderately Dry","orange"
"6811708",258,2022-09-15,268.69,"Extremely Dry","darkred"
"6811708",272,2022-09-29,276.25,"Extremely Dry","darkred"
"6811708",287,2022-10-14,285.49,"Extremely Dry","darkred"
"6811708",300,2022-10-27,259.41,"Extremely Wet","navy"
"6811708",319,2022-11-15,286.55,"Extremely Dry","darkred"
"6811708",334,2022-11-30,241.33,"Extremely Dry","darkred"
"6811708",348,2022-12-14,238.65,"Extremely Dry","darkred"
"6811708",362,2022-12-28,236.32,"Extremely Dry","darkred"
"6811708",17,2023-01-17,271.2,"Extremely Dry","darkred"
"6811708",30,2023-01-30,236,"Extremely Dry","darkred"
"6811708",46,2023-02-15,235.96,"Extremely Dry","darkred"
"6811708",58,2023-02-27,234.45,"Extremely Dry","darkred"
"6811708",73,2023-03-14,237.09,"Extremely Dry","darkred"
"6811708",88,2023-03-29,250.72,"Extremely Dry","darkred"
"6811708",103,2023-04-13,236.52,"Extremely Wet","navy"
"6811708",117,2023-04-27,234.5,"Extremely Wet","navy"
"6811708",137,2023-05-17,235.88,"Extremely Dry","darkred"
"6811708",151,2023-05-31,231.83,"Extremely Dry","darkred"
"6811708",166,2023-06-15,233.89,"Extremely Dry","darkred"
"6811708",181,2023-06-30,275.77,"Extremely Dry","darkred"
"6811814",13,2022-01-13,235,"Extremely Wet","navy"
"6811814",27,2022-01-27,233.9,"Extremely Wet","navy"
"6811814",42,2022-02-11,234.2,"Moderately Dry","orange"
"6811814",59,2022-02-28,234.6,"Very Dry","red"
"6811814",75,2022-03-16,235.7,"Extremely Dry","darkred"
"6811814",89,2022-03-30,236.2,"Moderately Dry","orange"
"6811814",104,2022-04-14,237.6,"Extremely Dry","darkred"
"6811814",118,2022-04-28,237.4,"Extremely Dry","darkred"
"6811814",132,2022-05-12,238.8,"Extremely Wet","navy"
"6811814",147,2022-05-27,240.25,"Extremely Dry","darkred"
"6811814",167,2022-06-16,243.7,"Extremely Dry","darkred"
"6811814",180,2022-06-29,243,"Extremely Dry","darkred"
"6811814",195,2022-07-14,247.6,"Extremely Dry","darkred"
"6811814",209,2022-07-28,246.9,"Extremely Wet","navy"
"6811814",228,2022-08-16,246.2,"Extremely Dry","darkred"
"6811814",242,2022-08-30,244.5,"Extremely Dry","darkred"
"6811814",258,2022-09-15,245.8,"Extremely Dry","darkred"
"6811814",272,2022-09-29,246.6,"Extremely Dry","darkred"
"6811814",287,2022-10-14,248.08,"Extremely Dry","darkred"
"6811814",300,2022-10-27,245.6,"Extremely Wet","navy"
"6811814",319,2022-11-15,245.8,"Extremely Dry","darkred"
"6811814",334,2022-11-30,240.9,"Extremely Dry","darkred"
"6811814",348,2022-12-14,241.4,"Extremely Dry","darkred"
"6811814",362,2022-12-28,240.8,"Extremely Dry","darkred"
"6811814",17,2023-01-17,239.8,"Extremely Dry","darkred"
"6811814",30,2023-01-30,240.5,"Extremely Dry","darkred"
"6811814",46,2023-02-15,238.4,"Extremely Dry","darkred"
"6811814",58,2023-02-27,239.1,"Extremely Dry","darkred"
"6811814",73,2023-03-14,240,"Extremely Dry","darkred"
"6811814",88,2023-03-29,240.1,"Extremely Dry","darkred"
"6811814",103,2023-04-13,239.9,"Extremely Wet","navy"
"6811814",117,2023-04-27,238.3,"Extremely Wet","navy"
"6811814",137,2023-05-17,237.7,"Extremely Dry","darkred"
"6811814",151,2023-05-31,234.6,"Extremely Dry","darkred"
"6811814",166,2023-06-15,237.8,"Moderately Dry","orange"
"6811814",181,2023-06-30,243.4,"Extremely Dry","darkred"
"6812106",13,2022-01-13,98.54,"Extremely Wet","navy"
"6812106",27,2022-01-27,99.05,"Extremely Wet","navy"
"6812106",42,2022-02-11,99.17,"Moderately Wet","cornflowerblue"
"6812106",59,2022-02-28,99.79,"Moderately Wet","cornflowerblue"
"6812106",75,2022-03-16,100,"Very Wet","blue"
"6812106",89,2022-03-30,100.32,"Moderately Wet","cornflowerblue"
"6812106",104,2022-04-14,100.96,"Extremely Dry","darkred"
"6812106",118,2022-04-28,101.09,"Extremely Dry","darkred"
"6812106",132,2022-05-12,101.4,"Extremely Wet","navy"
"6812106",147,2022-05-27,101.67,"Extremely Wet","navy"
"6812106",167,2022-06-16,102.08,"Very Dry","red"
"6812106",180,2022-06-29,102.3,"Extremely Dry","darkred"
"6812106",195,2022-07-14,102.56,"Extremely Dry","darkred"
"6812106",209,2022-07-28,102.8,"Extremely Wet","navy"
"6812106",228,2022-08-16,103.1,"Moderately Dry","orange"
"6812106",242,2022-08-30,103.27,"Very Dry","red"
"6812106",258,2022-09-15,103.37,"Very Dry","red"
"6812106",272,2022-09-29,103.45,"Extremely Dry","darkred"
"6812106",287,2022-10-14,103.64,"Extremely Dry","darkred"
"6812106",300,2022-10-27,103.76,"Extremely Wet","navy"
"6812106",319,2022-11-15,103.92,"Very Dry","red"
"6812106",334,2022-11-30,103.92,"Very Dry","red"
"6812106",348,2022-12-14,103.88,"Extremely Dry","darkred"
"6812106",362,2022-12-28,103.88,"Extremely Dry","darkred"
"6812106",17,2023-01-17,103.99,"Extremely Dry","darkred"
"6812106",30,2023-01-30,103.79,"Extremely Dry","darkred"
"6812106",46,2023-02-15,103.68,"Extremely Dry","darkred"
"6812106",58,2023-02-27,103.86,"Extremely Dry","darkred"
"6812106",73,2023-03-14,104.08,"Extremely Dry","darkred"
"6812106",88,2023-03-29,104.2,"Extremely Dry","darkred"
"6812106",103,2023-04-13,104.14,"Extremely Wet","navy"
"6812106",117,2023-04-27,103.94,"Extremely Wet","navy"
"6812106",137,2023-05-17,103.74,"Extremely Dry","darkred"
"6812106",151,2023-05-31,103.91,"Very Dry","red"
"6812106",166,2023-06-15,104.03,"Extremely Dry","darkred"
"6812106",181,2023-06-30,104.34,"Extremely Dry","darkred"
"6812413",13,2022-01-13,213,"Extremely Wet","navy"
"6812413",27,2022-01-27,213.5,"Extremely Wet","navy"
"6812413",42,2022-02-11,215.2,"Moderately Wet","cornflowerblue"
"6812413",59,2022-02-28,216.1,"Moderately Wet","cornflowerblue"
"6812413",75,2022-03-16,218.4,"Very Wet","blue"
"6812413",89,2022-03-30,220.2,"Moderately Wet","cornflowerblue"
"6812413",104,2022-04-14,221.5,"Extremely Dry","darkred"
"6812413",118,2022-04-28,223.1,"Extremely Dry","darkred"
"6812413",132,2022-05-12,225.1,"Extremely Wet","navy"
"6812413",147,2022-05-27,227.2,"Extremely Wet","navy"
"6812413",167,2022-06-16,235.6,"Extremely Dry","darkred"
"6812413",180,2022-06-29,234,"Extremely Dry","darkred"
"6812413",195,2022-07-14,233,"Extremely Dry","darkred"
"6812413",209,2022-07-28,235.7,"Extremely Wet","navy"
"6812413",228,2022-08-16,235.4,"Moderately Dry","orange"
"6812413",242,2022-08-30,233.6,"Very Dry","red"
"6812413",258,2022-09-15,232.6,"Moderately Dry","orange"
"6812413",272,2022-09-29,236.2,"Extremely Dry","darkred"
"6812413",287,2022-10-14,237,"Extremely Dry","darkred"
"6812413",300,2022-10-27,238.4,"Extremely Wet","navy"
"6812413",319,2022-11-15,235.2,"Extremely Dry","darkred"
"6812413",334,2022-11-30,233,"Extremely Dry","darkred"
"6812413",348,2022-12-14,231.9,"Extremely Dry","darkred"
"6812413",362,2022-12-28,238.9,"Extremely Dry","darkred"
"6812413",17,2023-01-17,232,"Extremely Dry","darkred"
"6812413",30,2023-01-30,232.9,"Extremely Dry","darkred"
"6812413",46,2023-02-15,232.4,"Extremely Dry","darkred"
"6812413",58,2023-02-27,232.8,"Extremely Dry","darkred"
"6812413",73,2023-03-14,238.6,"Extremely Dry","darkred"
"6812413",88,2023-03-29,238.1,"Extremely Dry","darkred"
"6812413",103,2023-04-13,236.7,"Extremely Wet","navy"
"6812413",117,2023-04-27,235.4,"Extremely Wet","navy"
"6812413",137,2023-05-17,237.2,"Extremely Dry","darkred"
"6812413",151,2023-05-31,235.6,"Extremely Dry","darkred"
"6812413",166,2023-06-15,238.3,"Extremely Dry","darkred"
"6812413",181,2023-06-30,240.2,"Very Dry","red"
"6812507",13,2022-01-13,273.66,"Extremely Wet","navy"
"6812507",27,2022-01-27,270.72,"Extremely Wet","navy"
"6812507",42,2022-02-11,270.67,"Moderately Dry","orange"
"6812507",59,2022-02-28,269.87,"Moderately Dry","orange"
"6812507",75,2022-03-16,270.54,"Very Wet","blue"
"6812507",89,2022-03-30,270.78,"Moderately Wet","cornflowerblue"
"6812507",104,2022-04-14,271.33,"Extremely Wet","navy"
"6812507",118,2022-04-28,269.58,"Moderately Dry","orange"
"6812507",132,2022-05-12,269.88,"Extremely Wet","navy"
"6812507",147,2022-05-27,274.41,"Extremely Dry","darkred"
"6812507",167,2022-06-16,275.11,"Extremely Dry","darkred"
"6812507",180,2022-06-29,274.89,"Extremely Dry","darkred"
"6812507",195,2022-07-14,271.6,"Extremely Dry","darkred"
"6812507",209,2022-07-28,271.65,"Extremely Wet","navy"
"6812507",228,2022-08-16,270.89,"Moderately Dry","orange"
"6812507",242,2022-08-30,271.11,"Moderately Wet","cornflowerblue"
"6812507",258,2022-09-15,271.21,"Moderately Wet","cornflowerblue"
"6812507",272,2022-09-29,271.51,"Extremely Dry","darkred"
"6812507",287,2022-10-14,272.02,"Extremely Dry","darkred"
"6812507",300,2022-10-27,271.96,"Extremely Wet","navy"
"6812507",319,2022-11-15,271.78,"Moderately Dry","orange"
"6812507",334,2022-11-30,271.7,"Moderately Dry","orange"
"6812507",348,2022-12-14,271,"Moderately Dry","orange"
"6812507",362,2022-12-28,271.56,"Extremely Wet","navy"
"6812507",17,2023-01-17,271.9,"Extremely Dry","darkred"
"6812507",30,2023-01-30,271.8,"Extremely Dry","darkred"
"6812507",46,2023-02-15,272.2,"Very Dry","red"
"6812507",58,2023-02-27,272.32,"Extremely Dry","darkred"
"6812507",73,2023-03-14,273.1,"Moderately Dry","orange"
"6812507",88,2023-03-29,276,"Extremely Dry","darkred"
"6812507",103,2023-04-13,272.56,"Extremely Wet","navy"
"6812507",117,2023-04-27,272.5,"Extremely Wet","navy"
"6812507",137,2023-05-17,272.6,"Extremely Dry","darkred"
"6812507",151,2023-05-31,272.7,"Very Dry","red"
"6812507",166,2023-06-15,272.85,"Extremely Dry","darkred"
"6812507",181,2023-06-30,272.91,"Extremely Dry","darkred"
"6812509",13,2022-01-13,233.98,"Extremely Wet","navy"
"6812509",27,2022-01-27,235,"Extremely Wet","navy"
"6812509",42,2022-02-11,234.81,"Moderately Wet","cornflowerblue"
"6812509",59,2022-02-28,235.22,"Moderately Dry","orange"
"6812509",75,2022-03-16,235.58,"Very Dry","red"
"6812509",89,2022-03-30,235.79,"Moderately Dry","orange"
"6812509",104,2022-04-14,236.45,"Extremely Dry","darkred"
"6812509",118,2022-04-28,236.52,"Extremely Dry","darkred"
"6812509",132,2022-05-12,236.67,"Extremely Wet","navy"
"6812509",147,2022-05-27,237.92,"Extremely Dry","darkred"
"6812509",167,2022-06-16,239.25,"Extremely Dry","darkred"
"6812509",180,2022-06-29,238.2,"Extremely Dry","darkred"
"6812509",195,2022-07-14,239.95,"Extremely Dry","darkred"
"6812509",209,2022-07-28,243.21,"Extremely Wet","navy"
"6812509",228,2022-08-16,239.47,"Extremely Dry","darkred"
"6812509",242,2022-08-30,238.28,"Extremely Dry","darkred"
"6812509",258,2022-09-15,238.25,"Extremely Dry","darkred"
"6812509",272,2022-09-29,241.05,"Extremely Dry","darkred"
"6812509",287,2022-10-14,241.3,"Extremely Dry","darkred"
"6812509",300,2022-10-27,238.85,"Extremely Wet","navy"
"6812509",319,2022-11-15,238.46,"Extremely Dry","darkred"
"6812509",334,2022-11-30,237.38,"Extremely Dry","darkred"
"6812509",348,2022-12-14,237.83,"Extremely Dry","darkred"
"6812509",362,2022-12-28,238.23,"Extremely Dry","darkred"
"6812509",17,2023-01-17,237.42,"Extremely Dry","darkred"
"6812509",30,2023-01-30,237.8,"Extremely Dry","darkred"
"6812509",46,2023-02-15,237.16,"Extremely Dry","darkred"
"6812509",58,2023-02-27,237.2,"Extremely Dry","darkred"
"6812509",73,2023-03-14,238.72,"Extremely Dry","darkred"
"6812509",88,2023-03-29,238.5,"Extremely Dry","darkred"
"6812509",103,2023-04-13,237.97,"Extremely Wet","navy"
"6812509",117,2023-04-27,239.05,"Extremely Wet","navy"
"6812509",137,2023-05-17,237.9,"Extremely Dry","darkred"
"6812509",151,2023-05-31,237.85,"Extremely Dry","darkred"
"6812509",166,2023-06-15,238.09,"Extremely Dry","darkred"
"6812509",181,2023-06-30,240.85,"Extremely Dry","darkred"
